Compound_SMILES,Compound_InchiKeys,Compound_Name,UniProt_Id,Entrez_Gene_Symbol,DiscoveRx_Gene_Symbol,pKd_[M]_pred
CS(=O)(=O)Nc1cccc(c1)-c1ccc2c(NC(=O)C3CC3)n[nH]c2c1,FUQAHBLEGDXXKS-UHFFFAOYSA-N,SB-742864,Q2M2I8,AAK1,AAK1,2.863350077
CC(C)OC(N(CC1)CCN1C2=NC3=C(C4=CN=C(C(F)(F)F)C=C4)C=NN3C=C2)=O,NDDGTHBFQLPYJL-UHFFFAOYSA-N,NK-92,Q2M2I8,AAK1,AAK1,3.809116943
O=S(NC1=CC(C2=CC=C(C(NC(C3CC3)=O)=NN4)C4=C2)=CC=C1)(N(CC)CC)=O,UCBIQZUJJSVQHL-UHFFFAOYSA-N,UNC-AA-1-0013,Q2M2I8,AAK1,AAK1,2.694799645
O=C(C1CC1)NC2=NNC3=C2C=CC(C4=CC=CC(NS(N(C)CC)(=O)=O)=C4)=C3,NKCMEGZSWOVKIL-UHFFFAOYSA-N,UNC-AA-1-0017,Q2M2I8,AAK1,AAK1,3.204906238
[nH]1c2c(c(c1)C(=O)NC)cc(cc2)Nc3nc(ccn3)-c4ncccc4,YNYMPWKHPFKBTO-UHFFFAOYSA-N,BI01078627,P00519,ABL1,ABL1-nonphosphorylated,3.744610308
NS(=O)(=O)c1cccc(c1)-c1cc2ccncc2cc1OCc1ccccc1,WFQYBHCSVMMJEF-UHFFFAOYSA-N,GSK980961A,P36896,ACVR1B,ACVR1B,4.007312192
ClC1=CC=C(F)C(C2=NC(N=CC=N3)=C3C(NC4=CC=NC=C4)=N2)=C1,BERLXWPRSBJFHO-UHFFFAOYSA-N,SD-208,P36896,ACVR1B,ACVR1B,3.949637993
COC(=O)Nc1nc2ccc(cc2[nH]1)S(=O)(=O)c1ccc(NC(=O)Nc2cc(ccc2F)C(F)(F)F)cc1,RJOBEDHRAOYOQX-UHFFFAOYSA-N,GW680908A,P25098,ADRBK1,GRK2,3.52071706
COc1ccc2ncnc(Nc3ccc(OCc4ccccc4)cc3)c2c1,RARTTYYZTRKYDS-UHFFFAOYSA-N,GI261520A,P31751,AKT2,AKT2,4.002902968
O=S(C2=CC=CC1=CN=CC=C12)(NCCNC/C=C/C3=CC=C(Br)C=C3)=O,ZKZXNDJNWUTGDK-NSCUHMNNSA-N,H89,P31751,AKT2,AKT2,3.990358485
CC(C)OC(N(CC1)CCN1C2=NC3=C(C4=CN=C(C(F)(F)F)C=C4)C=NN3C=C2)=O,NDDGTHBFQLPYJL-UHFFFAOYSA-N,NK-92,Q8NFD2,ANKK1,ANKK1,3.564927718
ClC1=CC(NC2=NC=CC(NCCCN3CCOCC3)=N2)=CC=C1,XEEXZIORUKKBII-UHFFFAOYSA-N,DI00625271,Q9UQB9,AURKC,AURKC,3.539021591
s1c(nc3c1-c2n(nc(c2C(C3)C)-c4cnc(cc4)NCC)-c5c(cccc5)C)NC(=O)OC,FQXPXUGHKSKDIL-UHFFFAOYSA-N,BI00857480,Q9NSY1,BMP2K,BIKE,3.105242564
CS(=O)(=O)Nc1cccc(c1)-c1ccc2c(NC(=O)C3CC3)n[nH]c2c1,FUQAHBLEGDXXKS-UHFFFAOYSA-N,SB-742864,Q9NSY1,BMP2K,BIKE,2.843073888
CC(C)OC(N(CC1)CCN1C2=NC3=C(C4=CN=C(C(F)(F)F)C=C4)C=NN3C=C2)=O,NDDGTHBFQLPYJL-UHFFFAOYSA-N,NK-92,Q9NSY1,BMP2K,BIKE,3.717418989
O=S(NC1=CC(C2=CC=C(C(NC(C3CC3)=O)=NN4)C4=C2)=CC=C1)(N(CC)CC)=O,UCBIQZUJJSVQHL-UHFFFAOYSA-N,UNC-AA-1-0013,Q9NSY1,BMP2K,BIKE,2.770763977
O=C(C1CC1)NC2=NNC3=C2C=CC(C4=CC=CC(NS(N(C)CC)(=O)=O)=C4)=C3,NKCMEGZSWOVKIL-UHFFFAOYSA-N,UNC-AA-1-0017,Q9NSY1,BMP2K,BIKE,3.233328505
O=C(C1CC1)NC2=NNC3=C2C=CC(C4=CC=CC(NS(CC(C)C)(=O)=O)=C4)=C3,SENOTLIGBLGKGP-UHFFFAOYSA-N,UNC-AA-1-0022,Q9NSY1,BMP2K,BIKE,3.278981311
NS(=O)(=O)c1cccc(c1)-c1cc2ccncc2cc1OCc1ccccc1,WFQYBHCSVMMJEF-UHFFFAOYSA-N,GSK980961A,P36894,BMPR1A,BMPR1A,4.00201009
Fc1c(c(ccc1NS(=O)(=O)CCC)F)-n2nnc(c2)-c3cncc(c3)OC,PBZQXUCHRRZRTF-UHFFFAOYSA-N,BI00865461,P15056,BRAF,BRAF,3.942308409
S(=O)(=O)(N1CCC(CC1)Oc3c(cc2ncnc(c2c3)N[C@H](C)c4ccccc4)OC)C,HNCQUOKLTSGCPT-MRXNPFEDSA-N,BI00010951,Q8IWQ3,BRSK2,BRSK2,4.006586237
NS(=O)(=O)c1ccc(Nc2cc(n[nH]2)-c2cccc(O)c2)cc1,PVLOKYREDKFWTF-UHFFFAOYSA-N,GW831090X,Q8IWQ3,BRSK2,BRSK2,3.989915295
COc1ccc(cc1)-c1nn2ncccc2c1-c1ccnc(Nc2cccc(c2)C(F)(F)F)n1,BWBYKJFTJZIURF-UHFFFAOYSA-N,GW827105X,O43683,BUB1,BUB1,3.482193766
CN1CCC(CNC(C=C2)=NN3C2=NC=C3C4=CC=CC(OC(F)(F)F)=C4)CC1,MHXGEROHKGDZGO-UHFFFAOYSA-N,SGI-1776,Q14012,CAMK1,CAMK1,4.001950098
s1c(nc3c1-c2n(nc(c2C(C3)C)-c4cnc(cc4)NCC)-c5c(cccc5)C)NC(=O)OC,FQXPXUGHKSKDIL-UHFFFAOYSA-N,BI00857480,Q16566,CAMK4,CAMK4,4.009084715
CN1CCC(NC(C2=CC(OC)=C(NC3=NC=C(N(C(C(F)(F)CN4C5CCCC5)=O)C)C4=N3)C=C2F)=O)CC1,GWRSATNRNFYMDI-UHFFFAOYSA-N,TAK960,Q96RR4,CAMKK2,CAMKK2,3.43335007
ClC1=CC=C(F)C(C2=NC(N=CC=N3)=C3C(NC4=CC=NC=C4)=N2)=C1,BERLXWPRSBJFHO-UHFFFAOYSA-N,SD-208,Q5VT25,CDC42BPA,MRCKA,3.958803071
ClC1=CC=C(F)C(C2=NC(N=CC=N3)=C3C(NC4=CC=NC=C4)=N2)=C1,BERLXWPRSBJFHO-UHFFFAOYSA-N,SD-208,Q9Y5S2,CDC42BPB,MRCKB,3.924479289
ClC1=CC=C(F)C(C2=NC(N=CC=N3)=C3C(NC4=CC=NC=C4)=N2)=C1,BERLXWPRSBJFHO-UHFFFAOYSA-N,SD-208,Q6DT37,CDC42BPG,DMPK2,3.603286193
O[C@H]([C@H](O)[C@@H](CO)O3)[C@@H]3N1C2=C(C(N)=NC=N2)C(I)=C1,WHSIXKUPQCKWBY-IOSLPCCCSA-N,5-iodotubercidin,Q14004,CDK13,CDC2L5,3.991058661
O=C(Nc1n[nH]c2nc(ccc12)-c1ccco1)C1CC1,FJINJXZTEKDFRA-UHFFFAOYSA-N,SB-743899,Q96Q40,CDK15,PFTAIRE2,4.017290844
Clc1ccc(CNc2nccc(n2)-c2cnn3ncccc23)cc1,NEWXQDRWGLAOAY-UHFFFAOYSA-N,GW781673X,Q9BWU1,CDK19,CDK11,3.939897401
CC(C)OC(N(CC1)CCN1C2=NC3=C(C4=CN=C(C(F)(F)F)C=C4)C=NN3C=C2)=O,NDDGTHBFQLPYJL-UHFFFAOYSA-N,NK-92,P24941,CDK2,CDK2,3.981077446
Clc1ccc(CNc2nccc(n2)-c2cnn3ncccc23)cc1,NEWXQDRWGLAOAY-UHFFFAOYSA-N,GW781673X,P50613,CDK7,CDK7,3.323773129
O[C@H]([C@H](O)[C@@H](CO)O3)[C@@H]3N1C2=C(C(N)=NC=N2)C(I)=C1,WHSIXKUPQCKWBY-IOSLPCCCSA-N,5-iodotubercidin,P50613,CDK7,CDK7,2.541314943
Clc1ccc(CNc2nccc(n2)-c2cnn3ncccc23)cc1,NEWXQDRWGLAOAY-UHFFFAOYSA-N,GW781673X,P49336,CDK8,CDK8,3.9867108
CC(C)c1ccc2\C(=N/Nc3ccc(cc3)S(N)(=O)=O)C(=O)Nc2c1,KBESLZOGXNTNCJ-UHFFFAOYSA-N,GW300653X,Q92772,CDKL2,CDKL2,3.595624526
O=C(Nc1n[nH]c2nc(ccc12)-c1ccco1)C1CC1,FJINJXZTEKDFRA-UHFFFAOYSA-N,SB-743899,Q92772,CDKL2,CDKL2,3.874094291
O=S(NC1=CC(C2=CC=C(C(NC(C3CC3)=O)=NN4)C4=C2)=CC=C1)(N(CC)CC)=O,UCBIQZUJJSVQHL-UHFFFAOYSA-N,UNC-AA-1-0013,Q92772,CDKL2,CDKL2,3.420004828
O=C(C1CC1)NC2=NNC3=C2C=CC(C4=CC=CC(NS(N(C)CC)(=O)=O)=C4)=C3,NKCMEGZSWOVKIL-UHFFFAOYSA-N,UNC-AA-1-0017,Q92772,CDKL2,CDKL2,3.755583493
O=C(C1CC1)NC2=NNC3=C2C=CC(C4=CC=CC(NS(CC(C)C)(=O)=O)=C4)=C3,SENOTLIGBLGKGP-UHFFFAOYSA-N,UNC-AA-1-0022,Q92772,CDKL2,CDKL2,3.552607915
O[C@H]([C@H](O)[C@@H](CO)O3)[C@@H]3N1C2=C(C(N)=NC=N2)C(I)=C1,WHSIXKUPQCKWBY-IOSLPCCCSA-N,5-iodotubercidin,O15111,CHUK,IKK-alpha,2.935998066
Clc1ccc(CNc2nccc(n2)-c2cnn3ncccc23)cc1,NEWXQDRWGLAOAY-UHFFFAOYSA-N,GW781673X,P49759,CLK1,CLK1,2.850211008
Clc1ccc(CNc2nccc(n2)-c2cnn3ncccc23)cc1,NEWXQDRWGLAOAY-UHFFFAOYSA-N,GW781673X,P49760,CLK2,CLK2,2.498617633
O[C@H]([C@H](O)[C@@H](CO)O3)[C@@H]3N1C2=C(C(N)=NC=N2)C(I)=C1,WHSIXKUPQCKWBY-IOSLPCCCSA-N,5-iodotubercidin,P49760,CLK2,CLK2,2.016237838
CN1CCC(NC(C2=CC(OC)=C(NC3=NC=C(N(C(C(F)(F)CN4C5CCCC5)=O)C)C4=N3)C=C2F)=O)CC1,GWRSATNRNFYMDI-UHFFFAOYSA-N,TAK960,P49760,CLK2,CLK2,2.570648534
Clc1ccc(CNc2nccc(n2)-c2cnn3ncccc23)cc1,NEWXQDRWGLAOAY-UHFFFAOYSA-N,GW781673X,Q9HAZ1,CLK4,CLK4,2.929217203
O=S(NC1=CC(C2=CC=C(C(NC(C3CC3)=O)=NN4)C4=C2)=CC=C1)(N(CC)CC)=O,UCBIQZUJJSVQHL-UHFFFAOYSA-N,UNC-AA-1-0013,Q9HAZ1,CLK4,CLK4,2.901559992
C[C@H]1COCCN1C2=NC(=NC3=C2C=CC(=N3)C4=CC(=CC=C4)C(=O)NC)N5CCOC[C@@H]5C,JUSFANSTBFGBAF-IRXDYDNUSA-N,AZD2014,P07333,CSF1R,CSF1R,3.432967631
CN1CCC(CC1)n1cnc(c1-c1ccnc(NCCO)n1)-c1ccc(F)cc1,XKOQKLFWCLUSAU-UHFFFAOYSA-N,SB-226879,P48729,CSNK1A1,CSNK1A1,4.00551383
CN1CCC(CC1)n1cnc(c1-c1ccnc(N)n1)-c1ccc(F)cc1,SVRAGOOKTLUHES-UHFFFAOYSA-N,SB-220455,P48729,CSNK1A1,CSNK1A1,4.005280299
O[C@H]([C@H](O)[C@@H](CO)O3)[C@@H]3N1C2=C(C(N)=NC=N2)C(I)=C1,WHSIXKUPQCKWBY-IOSLPCCCSA-N,5-iodotubercidin,P48729,CSNK1A1,CSNK1A1,3.965381814
Nc1nccc(n1)-c1c(nn2cc(ccc12)C(F)(F)F)-c1ccc(F)cc1,JQUJTXXKVLSAEV-UHFFFAOYSA-N,GW568326X,P48729,CSNK1A1,CSNK1A1,3.595017842
S(=O)(=O)(N1CCC(CC1)Oc3c(cc2ncnc(c2c3)N[C@H](C)c4ccccc4)OC)C,HNCQUOKLTSGCPT-MRXNPFEDSA-N,BI00010951,Q8N752,CSNK1A1L,CSNK1A1L,3.986011876
CN1CCC(CC1)n1cnc(c1-c1ccnc(N)n1)-c1ccc(F)cc1,SVRAGOOKTLUHES-UHFFFAOYSA-N,SB-220455,Q8N752,CSNK1A1L,CSNK1A1L,4.0035208
CN1CCC(CC1)n1cnc(c1-c1ccnc(N)n1)-c1ccc(F)cc1,SVRAGOOKTLUHES-UHFFFAOYSA-N,SB-220455,P48730,CSNK1D,CSNK1D,3.990108295
CC(C)OC(N(CC1)CCN1C2=NC3=C(C4=CN=C(C(F)(F)F)C=C4)C=NN3C=C2)=O,NDDGTHBFQLPYJL-UHFFFAOYSA-N,NK-92,P48730,CSNK1D,CSNK1D,3.518015309
Cc1ccc2c(c(nn2n1)-c1ccc(cc1)C(F)(F)F)-c1ccnc(Nc2ccc3OCCOc3c2)n1,JLEUOCWABWBHQW-UHFFFAOYSA-N,GW832467X,P48730,CSNK1D,CSNK1D,3.588999169
CN1CCC(CC1)n1cnc(c1-c1ccnc(NCCO)n1)-c1ccc(F)cc1,XKOQKLFWCLUSAU-UHFFFAOYSA-N,SB-226879,P49674,CSNK1E,CSNK1E,3.59399262
Clc1ccc(CNc2nccc(n2)-c2cnn3ncccc23)cc1,NEWXQDRWGLAOAY-UHFFFAOYSA-N,GW781673X,P49674,CSNK1E,CSNK1E,3.576753853
CN1CCC(CC1)n1cnc(c1-c1ccnc(N)n1)-c1ccc(F)cc1,SVRAGOOKTLUHES-UHFFFAOYSA-N,SB-220455,P49674,CSNK1E,CSNK1E,3.504004171
Nc1nccc(n1)-c1c(nn2cc(ccc12)C(F)(F)F)-c1ccc(F)cc1,JQUJTXXKVLSAEV-UHFFFAOYSA-N,GW568326X,P49674,CSNK1E,CSNK1E,3.170130296
Clc1c(cc(cc1)C#CC2(CCN(CC2)C)OC)-c3nc-4c(cn3)CCc5nc(sc5-4)NC(=O)C,SKJMTJUJMPIXBJ-UHFFFAOYSA-N,BI00047875,Q9HCP0,CSNK1G1,CSNK1G1,3.991110159
CN1CCC(NC(C2=CC(OC)=C(NC3=NC=C(N(C(C(F)(F)CN4C5CCCC5)=O)C)C4=N3)C=C2F)=O)CC1,GWRSATNRNFYMDI-UHFFFAOYSA-N,TAK960,P53355,DAPK1,DAPK1,3.884663178
CC(C)c1ccc2\C(=N/Nc3ccc(cc3)S(N)(=O)=O)C(=O)Nc2c1,KBESLZOGXNTNCJ-UHFFFAOYSA-N,GW300653X,Q9UIK4,DAPK2,DAPK2,3.975723786
O=C(C1CC1)NC2=NNC3=C2C=CC(C4=CC=CC(NS(N(C)CC)(=O)=O)=C4)=C3,NKCMEGZSWOVKIL-UHFFFAOYSA-N,UNC-AA-1-0017,Q9UIK4,DAPK2,DAPK2,4.003577693
CC(C)c1ccc2\C(=N/Nc3ccc(cc3)S(N)(=O)=O)C(=O)Nc2c1,KBESLZOGXNTNCJ-UHFFFAOYSA-N,GW300653X,O43293,DAPK3,DAPK3,3.864891095
CN1CCC(NC(C2=CC(OC)=C(NC3=NC=C(N(C(C(F)(F)CN4C5CCCC5)=O)C)C4=N3)C=C2F)=O)CC1,GWRSATNRNFYMDI-UHFFFAOYSA-N,TAK960,O43293,DAPK3,DAPK3,3.92714159
O=C(C1CC1)NC2=NNC3=C2C=CC(C4=CC=CC(NS(N(C)CC)(=O)=O)=C4)=C3,NKCMEGZSWOVKIL-UHFFFAOYSA-N,UNC-AA-1-0017,O43293,DAPK3,DAPK3,3.957555903
FC(F)(F)c1c(ccc(c1)NC(=O)c2cc(c(cc2)C)-c3noc(n3)-c4cnccc4)Cl,LQZIUMJCFXSPTG-UHFFFAOYSA-N,BI00831861,Q08345,DDR1,DDR1,3.032535119
COC(=O)Nc1nc2ccc(cc2[nH]1)S(=O)(=O)c1ccc(NC(=O)Nc2cc(ccc2F)C(F)(F)F)cc1,RJOBEDHRAOYOQX-UHFFFAOYSA-N,GW680908A,Q08345,DDR1,DDR1,2.789027138
COc1ccc(cc1)-c1nn2ncccc2c1-c1ccnc(Nc2cccc(c2)C(F)(F)F)n1,BWBYKJFTJZIURF-UHFFFAOYSA-N,GW827105X,Q08345,DDR1,DDR1,2.155703051
CNC(=O)c1cncc(\C=C\c2ccccc2Cl)c1,HVTWLTGGYKBXHX-VOTSOKGWSA-N,GW445017X,Q08345,DDR1,DDR1,3.94659601
O=C(C(N1C)=CC2=C1C(OC3=CC(C(N4CCN(C)CC4)=O)=NC=C3)=CC=C2)NC5=CC(C(C)(C)C)=CC(NS(=O)(C)=O)=C5OC,MAABOYWIPSQEMY-UHFFFAOYSA-N,BI00601359,Q08345,DDR1,DDR1,3.566057416
Cc1ccc2c(c(nn2n1)-c1ccc(cc1)C(F)(F)F)-c1ccnc(Nc2ccc3OCCOc3c2)n1,JLEUOCWABWBHQW-UHFFFAOYSA-N,GW832467X,Q08345,DDR1,DDR1,2.837070449
Nc1nccc(n1)-c1c(nn2cc(ccc12)C(F)(F)F)-c1ccc(F)cc1,JQUJTXXKVLSAEV-UHFFFAOYSA-N,GW568326X,Q08345,DDR1,DDR1,3.199100448
FC(F)(F)c1c(ccc(c1)NC(=O)c2cc(c(cc2)C)-c3noc(n3)-c4cnccc4)Cl,LQZIUMJCFXSPTG-UHFFFAOYSA-N,BI00831861,Q16832,DDR2,DDR2,3.950149609
O=C(C(N1C)=CC2=C1C(OC3=CC(C(N4CCN(C)CC4)=O)=NC=C3)=CC=C2)NC5=CC(C(C)(C)C)=CC(NS(=O)(C)=O)=C5OC,MAABOYWIPSQEMY-UHFFFAOYSA-N,BI00601359,Q16832,DDR2,DDR2,3.961810542
s1c(nc3c1-c2n(nc(c2C(C3)C)-c4cnc(cc4)NCC)-c5c(cccc5)C)NC(=O)OC,FQXPXUGHKSKDIL-UHFFFAOYSA-N,BI00857480,Q09013,DMPK,DMPK,3.959677233
O[C@H]([C@H](O)[C@@H](CO)O3)[C@@H]3N1C2=C(C(N)=NC=N2)C(I)=C1,WHSIXKUPQCKWBY-IOSLPCCCSA-N,5-iodotubercidin,Q13627,DYRK1A,DYRK1A,2.702328844
COc1cc2ncn(-c3cc(OCc4ccccc4C(F)(F)F)c(s3)C(=O)N(C)C)c2cc1OC,CKYDKNBLVBVPCS-UHFFFAOYSA-N,GSK1030062A,Q9Y463,DYRK1B,DYRK1B,3.928531481
Clc1ccc(CNc2nccc(n2)-c2cnn3ncccc23)cc1,NEWXQDRWGLAOAY-UHFFFAOYSA-N,GW781673X,Q9Y463,DYRK1B,DYRK1B,3.661343897
O[C@H]([C@H](O)[C@@H](CO)O3)[C@@H]3N1C2=C(C(N)=NC=N2)C(I)=C1,WHSIXKUPQCKWBY-IOSLPCCCSA-N,5-iodotubercidin,Q92630,DYRK2,DYRK2,3.563583346
ClC1=CC(NC2=NC=CC(NCCCN3CCOCC3)=N2)=CC=C1,XEEXZIORUKKBII-UHFFFAOYSA-N,DI00625271,Q92630,DYRK2,DYRK2,3.728084726
S(=O)(=O)(N1CCC(CC1)Oc3c(cc2ncnc(c2c3)N[C@H](C)c4ccccc4)OC)C,HNCQUOKLTSGCPT-MRXNPFEDSA-N,BI00010951,P00533,EGFR,EGFR,3.924155368
Clc1c(cc(cc1)C#CC2(CCN(CC2)C)OC)-c3nc-4c(cn3)CCc5nc(sc5-4)NC(=O)C,SKJMTJUJMPIXBJ-UHFFFAOYSA-N,BI00047875,P00533,EGFR,EGFR,3.901565446
Fc1cccc(COc2ccc(Nc3ncnc4sc(cc34)-c3cccs3)cc2Cl)c1,PBIJKZCHYCDPPC-UHFFFAOYSA-N,GW684626B,P00533,EGFR,EGFR,3.956447287
COc1ccc2ncnc(Nc3ccc(OCc4ccccc4)cc3)c2c1,RARTTYYZTRKYDS-UHFFFAOYSA-N,GI261520A,P00533,EGFR,EGFR,3.940766616
O=C(N(CC1=CC=CC=C1)CCCC)C2=CC=C(S(=O)(NC3=CC=CC=C3)=O)C=C2,VNCIWNGCMAKKEO-UHFFFAOYSA-N,TH257,P00533,EGFR,EGFR,3.871237828
Fc1cccc(COc2ccc(Nc3ncnc4sc(cc34)-c3cccs3)cc2Cl)c1,PBIJKZCHYCDPPC-UHFFFAOYSA-N,GW684626B,Q9BQI3,EIF2AK1,EIF2AK1,3.997681005
NS(=O)(=O)c1ccc(cc1)-c1ccc2c(NC(=O)C3CC3)n[nH]c2c1,ZZTJLVZEYMOZSD-UHFFFAOYSA-N,SB-738482,Q9P2K8,EIF2AK4,"GCN2(Kin.Dom.2,S808G)",2.4601178
Cc1cc(Cl)cc2C(=NNc3ccc(cc3)S(N)(=O)=O)C(=O)Nc12,YWGGNXADJYGMJY-UHFFFAOYSA-N,GW279320X,P29317,EPHA2,EPHA2,3.987897827
O=C(Nc1n[nH]c2nc(ccc12)-c1ccco1)C1CC1,FJINJXZTEKDFRA-UHFFFAOYSA-N,SB-743899,P29317,EPHA2,EPHA2,3.963440312
O=C(C1CC1)NC2=NNC3=C2C=CC(C4=CC=CC(NS(N(C)CC)(=O)=O)=C4)=C3,NKCMEGZSWOVKIL-UHFFFAOYSA-N,UNC-AA-1-0017,P29317,EPHA2,EPHA2,3.956147475
FC(F)(F)c1c(ccc(c1)NC(=O)c2cc(c(cc2)C)-c3noc(n3)-c4cnccc4)Cl,LQZIUMJCFXSPTG-UHFFFAOYSA-N,BI00831861,P54764,EPHA4,EPHA4,3.989564521
FC(F)(F)c1c(ccc(c1)NC(=O)c2cc(c(cc2)C)-c3noc(n3)-c4cnccc4)Cl,LQZIUMJCFXSPTG-UHFFFAOYSA-N,BI00831861,Q9UF33,EPHA6,EPHA6,3.763663782
COC(=O)Nc1nc2ccc(cc2[nH]1)S(=O)(=O)c1ccc(NC(=O)Nc2cc(ccc2F)C(F)(F)F)cc1,RJOBEDHRAOYOQX-UHFFFAOYSA-N,GW680908A,P29322,EPHA8,EPHA8,3.910268439
FC(F)(F)c1c(ccc(c1)NC(=O)c2cc(c(cc2)C)-c3noc(n3)-c4cnccc4)Cl,LQZIUMJCFXSPTG-UHFFFAOYSA-N,BI00831861,P54753,EPHB3,EPHB3,3.971079959
Fc1c(c(ccc1NS(=O)(=O)CCC)F)-n2nnc(c2)-c3cncc(c3)OC,PBZQXUCHRRZRTF-UHFFFAOYSA-N,BI00865461,O15197,EPHB6,EPHB6,3.358424021
Cc1cc(cc(C)c1\C=C\c1cncc(c1)-c1nn[nH]n1)-c1ccccn1,LBJHHPBGZCPQIO-VOTSOKGWSA-N,GW459057A,O15197,EPHB6,EPHB6,3.499905093
S(=O)(=O)(N1CCC(CC1)Oc3c(cc2ncnc(c2c3)N[C@H](C)c4ccccc4)OC)C,HNCQUOKLTSGCPT-MRXNPFEDSA-N,BI00010951,P04626,ERBB2,ERBB2,3.986340536
Fc1cccc(COc2ccc(Nc3ncnc4sc(cc34)-c3cccs3)cc2Cl)c1,PBIJKZCHYCDPPC-UHFFFAOYSA-N,GW684626B,P04626,ERBB2,ERBB2,3.977702661
COc1ccc2ncnc(Nc3ccc(OCc4ccccc4)cc3)c2c1,RARTTYYZTRKYDS-UHFFFAOYSA-N,GI261520A,P04626,ERBB2,ERBB2,3.972864224
COc1ccc2ncnc(Nc3ccc(OCc4ccccc4)cc3)c2c1,RARTTYYZTRKYDS-UHFFFAOYSA-N,GI261520A,Q15303,ERBB4,ERBB4,4.012357218
ClC1=CC(NC2=NC=CC(NCCCN3CCOCC3)=N2)=CC=C1,XEEXZIORUKKBII-UHFFFAOYSA-N,DI00625271,O75460,ERN1,ERN1,3.986081852
Cc1cc(Cl)cc2C(=NNc3ccc(cc3)S(N)(=O)=O)C(=O)Nc12,YWGGNXADJYGMJY-UHFFFAOYSA-N,GW279320X,P21802,FGFR2,FGFR2,3.977690114
O=C(Nc1n[nH]c2nc(ccc12)-c1ccco1)C1CC1,FJINJXZTEKDFRA-UHFFFAOYSA-N,SB-743899,P21802,FGFR2,FGFR2,3.957796408
O=C(C1CC1)NC2=NNC3=C2C=CC(C4=CC=CC(NS(N(C)CC)(=O)=O)=C4)=C3,NKCMEGZSWOVKIL-UHFFFAOYSA-N,UNC-AA-1-0017,P21802,FGFR2,FGFR2,3.895206435
s1c(nc3c1-c2n(nc(c2C(C3)C)-c4cnc(cc4)NCC)-c5c(cccc5)C)NC(=O)OC,FQXPXUGHKSKDIL-UHFFFAOYSA-N,BI00857480,P22455,FGFR4,FGFR4,3.862174018
O=S(NC1=CC(C2=CC=C(C(NC(C3CC3)=O)=NN4)C4=C2)=CC=C1)(N(CC)CC)=O,UCBIQZUJJSVQHL-UHFFFAOYSA-N,UNC-AA-1-0013,P22455,FGFR4,FGFR4,3.913007869
Clc1c(cc(cc1)C#CC2(CCN(CC2)C)OC)-c3nc-4c(cn3)CCc5nc(sc5-4)NC(=O)C,SKJMTJUJMPIXBJ-UHFFFAOYSA-N,BI00047875,P17948,FLT1,FLT1,3.848941116
Clc1c(cc(cc1)C#CC2(CCN(CC2)C)OC)-c3nc-4c(cn3)CCc5nc(sc5-4)NC(=O)C,SKJMTJUJMPIXBJ-UHFFFAOYSA-N,BI00047875,P36888,FLT3,FLT3(ITD),2.578915103
CC(C)c1ccc2\C(=N/Nc3ccc(cc3)S(N)(=O)=O)C(=O)Nc2c1,KBESLZOGXNTNCJ-UHFFFAOYSA-N,GW300653X,P36888,FLT3,FLT3,2.851785762
COc1c(cc(cc1-c1ccc(cc1)S(N)(=O)=O)-c1ccc(Cl)cc1)C(N)=O,PGMGCWOOCLJXIF-UHFFFAOYSA-N,GSK711701A,P36888,FLT3,FLT3,3.06976877
NC(=O)c1cc(cc(c1N)-c1ccncc1)-c1ccc(F)cc1,INRJBVLMKPWSHK-UHFFFAOYSA-N,GSK620503A,P36888,FLT3,FLT3,3.033512397
COc1ccc(cc1C(N)=O)-c1ccncc1,QEYUQXQAUUYZDC-UHFFFAOYSA-N,GSK605714A,P36888,FLT3,FLT3,3.136653168
N(c1ncc(o1)-c1ccccc1)c1ccccc1,HFICAVMUTYFODG-UHFFFAOYSA-N,GW549390X,P36888,FLT3,FLT3,2.920251472
COc1cc2ncn(-c3cc(OCc4ccccc4C(F)(F)F)c(s3)C(=O)N(C)C)c2cc1OC,CKYDKNBLVBVPCS-UHFFFAOYSA-N,GSK1030062A,P36888,FLT3,FLT3,2.296559913
N#Cc1cccc(Nc2ncc(o2)-c2ccccc2)c1,VZMXZHOJAGFSNF-UHFFFAOYSA-N,GW627834A,P36888,FLT3,FLT3,3.003391249
Cc1cc(cc(C)c1\C=C\c1cncc(c1)-c1nn[nH]n1)-c1ccccn1,LBJHHPBGZCPQIO-VOTSOKGWSA-N,GW459057A,P36888,FLT3,FLT3,3.024825139
N(c1ncc(o1)-c1ccccc1)c1ccc(Oc2ccccc2)cc1,MKASXHWBPFPYNF-UHFFFAOYSA-N,GW641155A,P36888,FLT3,FLT3,3.046669347
COc1ccc2ncnc(Nc3ccc(OCc4ccccc4)cc3)c2c1,RARTTYYZTRKYDS-UHFFFAOYSA-N,GI261520A,P42685,FRK,FRK,3.831848366
COc1ccc2ncnc(Nc3ccc(OCc4ccccc4)cc3)c2c1,RARTTYYZTRKYDS-UHFFFAOYSA-N,GI261520A,P06241,FYN,FYN,3.972821696
Clc1c(cc(cc1)C#CC2(CCN(CC2)C)OC)-c3nc-4c(cn3)CCc5nc(sc5-4)NC(=O)C,SKJMTJUJMPIXBJ-UHFFFAOYSA-N,BI00047875,O14976,GAK,GAK,2.608207448
COc1ccc(cc1)-c1nn2ncccc2c1-c1ccnc(Nc2cccc(c2)C(F)(F)F)n1,BWBYKJFTJZIURF-UHFFFAOYSA-N,GW827105X,O14976,GAK,GAK,3.198470695
CN1CCC(NC(C2=CC(OC)=C(NC3=NC=C(N(C(C(F)(F)CN4C5CCCC5)=O)C)C4=N3)C=C2F)=O)CC1,GWRSATNRNFYMDI-UHFFFAOYSA-N,TAK960,O14976,GAK,GAK,2.862575336
Nc1nccc(n1)-c1c(nn2cc(ccc12)C(F)(F)F)-c1ccc(F)cc1,JQUJTXXKVLSAEV-UHFFFAOYSA-N,GW568326X,O14976,GAK,GAK,3.25502385
O=C(C1CC1)NC2=NNC3=C2C=CC(C4=CC=CC(NS(N(C)CC)(=O)=O)=C4)=C3,NKCMEGZSWOVKIL-UHFFFAOYSA-N,UNC-AA-1-0017,P32298,GRK4,GRK4,3.709284229
O=C(NC=C1)C2=C1C(C(C(C)C)=NO3)=C3C4=C2C=C(C)C=C4,RHCWRLPKOJKBJP-UHFFFAOYSA-N,MO 286/LN 989,P32298,GRK4,GRK4,3.955426736
CN1CCC(CNC(C=C2)=NN3C2=NC=C3C4=CC=CC(OC(F)(F)F)=C4)CC1,MHXGEROHKGDZGO-UHFFFAOYSA-N,SGI-1776,Q8WTQ7,GRK7,GRK7,4.029586626
Cc1ccc2c(c(nn2n1)-c1ccc(cc1)C(F)(F)F)-c1ccnc(Nc2ccc3OCCOc3c2)n1,JLEUOCWABWBHQW-UHFFFAOYSA-N,GW832467X,Q8WTQ7,GRK7,GRK7,4.020111425
Fc1ccc(cc1)-c1c(nc2SCCn12)-c1ccncc1,GLHFDXWSDZWRNN-UHFFFAOYSA-N,SKF-86055,Q8TF76,GSG2,HASPIN,2.968974753
COc1ccc(cc1C(N)=O)-c1ccncc1,QEYUQXQAUUYZDC-UHFFFAOYSA-N,GSK605714A,Q8TF76,GSG2,HASPIN,2.670378311
O=S(C2=CC=CC1=CN=CC=C12)(NCCNC/C=C/C3=CC=C(Br)C=C3)=O,ZKZXNDJNWUTGDK-NSCUHMNNSA-N,H89,Q8TF76,GSG2,HASPIN,2.876817448
CN1CCC(CNC(C=C2)=NN3C2=NC=C3C4=CC=CC(OC(F)(F)F)=C4)CC1,MHXGEROHKGDZGO-UHFFFAOYSA-N,SGI-1776,Q8TF76,GSG2,HASPIN,3.396002112
O[C@H]([C@H](O)[C@@H](CO)O3)[C@@H]3N1C2=C(C(N)=NC=N2)C(I)=C1,WHSIXKUPQCKWBY-IOSLPCCCSA-N,5-iodotubercidin,Q8TF76,GSG2,HASPIN,2.962364597
O=C(OC)C1=CC=C(C2=C(C(N)=C(C(N)=O)S3)C3=NC(N4CCC(N)CC4)=C2)C=C1,LBVMBECAHIBYAO-UHFFFAOYSA-N,BI00604549,Q8TF76,GSG2,HASPIN,3.011755033
CC1=CN=C(N1)C2=CN=C(N=C2C3=C(C=C(C=C3)Cl)Cl)NCCNC4=NC=C(C=C4)C#N,AQGNHMOJWBZFQQ-UHFFFAOYSA-N,CHIR99021,P49840,GSK3A,GSK3A,3.965514017
CC1=CN=C(N1)C2=CN=C(N=C2C3=C(C=C(C=C3)Cl)Cl)NCCNC4=NC=C(C=C4)C#N,AQGNHMOJWBZFQQ-UHFFFAOYSA-N,CHIR99021,P49841,GSK3B,GSK3B,3.958241148
Fc1c(c(ccc1NS(=O)(=O)CCC)F)-n2nnc(c2)-c3cncc(c3)OC,PBZQXUCHRRZRTF-UHFFFAOYSA-N,BI00865461,P08631,HCK,HCK,3.963623358
Clc1ccc(CNc2nccc(n2)-c2cnn3ncccc23)cc1,NEWXQDRWGLAOAY-UHFFFAOYSA-N,GW781673X,Q86Z02,HIPK1,HIPK1,3.778274013
O[C@H]([C@H](O)[C@@H](CO)O3)[C@@H]3N1C2=C(C(N)=NC=N2)C(I)=C1,WHSIXKUPQCKWBY-IOSLPCCCSA-N,5-iodotubercidin,Q86Z02,HIPK1,HIPK1,2.937343998
O[C@H]([C@H](O)[C@@H](CO)O3)[C@@H]3N1C2=C(C(N)=NC=N2)C(I)=C1,WHSIXKUPQCKWBY-IOSLPCCCSA-N,5-iodotubercidin,Q9H2X6,HIPK2,HIPK2,2.901377781
Clc1ccc(CNc2nccc(n2)-c2cnn3ncccc23)cc1,NEWXQDRWGLAOAY-UHFFFAOYSA-N,GW781673X,Q9H422,HIPK3,HIPK3,3.573987672
O[C@H]([C@H](O)[C@@H](CO)O3)[C@@H]3N1C2=C(C(N)=NC=N2)C(I)=C1,WHSIXKUPQCKWBY-IOSLPCCCSA-N,5-iodotubercidin,Q9H422,HIPK3,HIPK3,2.843509061
Clc1c(cccc1)-n2nc(c4c2-c3sc(nc3CC4)NC(=O)NCc5[nH]ccn5)-c6cnccc6,JXKHIJZYDXHNSW-UHFFFAOYSA-N,BI00048423,Q9UPZ9,ICK,ICK,3.844657241
O=C(OC)C1=CC=C(C2=C(C(N)=C(C(N)=O)S3)C3=NC(N4CCC(N)CC4)=C2)C=C1,LBVMBECAHIBYAO-UHFFFAOYSA-N,BI00604549,O14920,IKBKB,IKK-beta,3.320862605
CN1CCC(NC(C2=CC(OC)=C(NC3=NC=C(N(C(C(F)(F)CN4C5CCCC5)=O)C)C4=N3)C=C2F)=O)CC1,GWRSATNRNFYMDI-UHFFFAOYSA-N,TAK960,P06213,INSR,INSR,3.802382333
CN1CCC(CC1)COC2=CN=C(N=C2)C3=CC(=CC=C3)CN4C(=O)C=CC(=N4)C5=CC=CC(=C5)C#N,AHYMHWXQRWRBKT-UHFFFAOYSA-N,EMD-1214063,P51617,IRAK1,IRAK1,2.828669472
O[C@H]([C@H](O)[C@@H](CO)O3)[C@@H]3N1C2=C(C(N)=NC=N2)C(I)=C1,WHSIXKUPQCKWBY-IOSLPCCCSA-N,5-iodotubercidin,Q9NWZ3,IRAK4,IRAK4,3.267872883
CN1CCC(CC1)COC2=CN=C(N=C2)C3=CC(=CC=C3)CN4C(=O)C=CC(=N4)C5=CC=CC(=C5)C#N,AHYMHWXQRWRBKT-UHFFFAOYSA-N,EMD-1214063,Q9NWZ3,IRAK4,IRAK4,3.736820204
COc1ccc(cc1)-c1coc2ncnc(N)c12,QGHMHWPBFHABJY-UHFFFAOYSA-N,GW642125X,P23458,JAK1,JAK1(JH2domain-pseudokinase),3.76061718
NS(=O)(=O)c1ccc(cc1)-c1ccc2c(NC(=O)C3CC3)n[nH]c2c1,ZZTJLVZEYMOZSD-UHFFFAOYSA-N,SB-738482,P23458,JAK1,JAK1(JH1domain-catalytic),3.626072567
FC(F)(F)c1c(ccc(c1)NC(=O)c2cc(c(cc2)C)-c3noc(n3)-c4cnccc4)Cl,LQZIUMJCFXSPTG-UHFFFAOYSA-N,BI00831861,P10721,KIT,KIT,3.088602824
N(c1ncc(o1)-c1ccccc1)c1ccccc1,HFICAVMUTYFODG-UHFFFAOYSA-N,GW549390X,P10721,KIT,KIT,3.353459982
COc1ccc(cc1)-c1coc2ncnc(N)c12,QGHMHWPBFHABJY-UHFFFAOYSA-N,GW642125X,P10721,KIT,KIT,3.528296164
COc1ccc(cc1)-c1nn2ncccc2c1-c1ccnc(Nc2cccc(c2)C(F)(F)F)n1,BWBYKJFTJZIURF-UHFFFAOYSA-N,GW827105X,P10721,KIT,KIT,2.131615861
NS(=O)(=O)c1ccc(Nc2cc(n[nH]2)-c2cccc(O)c2)cc1,PVLOKYREDKFWTF-UHFFFAOYSA-N,GW831090X,P10721,KIT,KIT,3.592447788
N#Cc1cccc(Nc2ncc(o2)-c2ccccc2)c1,VZMXZHOJAGFSNF-UHFFFAOYSA-N,GW627834A,P10721,KIT,KIT,3.698963275
CNC(=O)c1cncc(\C=C\c2ccccc2Cl)c1,HVTWLTGGYKBXHX-VOTSOKGWSA-N,GW445017X,P10721,KIT,KIT,3.76043701
N(c1ncc(o1)-c1ccccc1)c1ccc(Oc2ccccc2)cc1,MKASXHWBPFPYNF-UHFFFAOYSA-N,GW641155A,P10721,KIT,KIT,3.514337814
Cc1ccc2c(c(nn2n1)-c1ccc(cc1)C(F)(F)F)-c1ccnc(Nc2ccc3OCCOc3c2)n1,JLEUOCWABWBHQW-UHFFFAOYSA-N,GW832467X,P10721,KIT,KIT,2.778787537
CCS(=O)(=O)c1ccc(OC)c(Nc2ncc(o2)-c2ccccc2Cl)c1,QAAZSECJUMWUTP-UHFFFAOYSA-N,GW622055X,O95835,LATS1,LATS1,3.987162186
NC(=O)c1cc(cc(c1N)-c1ccncc1)-c1ccc(F)cc1,INRJBVLMKPWSHK-UHFFFAOYSA-N,GSK620503A,O95835,LATS1,LATS1,3.982388122
Cc1cc(Cl)cc2C(=NNc3ccc(cc3)S(N)(=O)=O)C(=O)Nc12,YWGGNXADJYGMJY-UHFFFAOYSA-N,GW279320X,O95835,LATS1,LATS1,3.980791552
N(c1ncc(o1)-c1ccccc1)c1ccccc1,HFICAVMUTYFODG-UHFFFAOYSA-N,GW549390X,O95835,LATS1,LATS1,3.975071533
Cc1ccc(cc1-c1ccc(cc1)C(=O)NCC1CC1)C(=O)NC1CCC1,RPNGVORGBYYVHT-UHFFFAOYSA-N,GW782912X,O95835,LATS1,LATS1,3.986713661
O=C(NCC1=CC=CC=C1)C2=CC=C(S(=O)(NCC3=CC=CC=C3)=O)C=C2,QDGVJMITKNOVTP-UHFFFAOYSA-N,TH263,O95835,LATS1,LATS1,3.983141585
O[C@H]([C@H](O)[C@@H](CO)O3)[C@@H]3N1C2=C(C(N)=NC=N2)C(I)=C1,WHSIXKUPQCKWBY-IOSLPCCCSA-N,5-iodotubercidin,Q9NRM7,LATS2,LATS2,2.956264479
COC(=O)Nc1nc2ccc(cc2[nH]1)S(=O)(=O)c1ccc(NC(=O)Nc2cc(ccc2F)C(F)(F)F)cc1,RJOBEDHRAOYOQX-UHFFFAOYSA-N,GW680908A,P06239,LCK,LCK,2.560463531
O=C(N(CC1=CC=CC=C1)CCCC)C2=CC=C(S(=O)(NC3=CC=CC=C3)=O)C=C2,VNCIWNGCMAKKEO-UHFFFAOYSA-N,TH257,P06239,LCK,LCK,3.209931655
O=C(C1=CC=C(C=C1)S(=O)(NC2=CC=CC=C2)=O)N(CC)CC3=CC=CC=C3,HSFGCMJKYHQRQQ-UHFFFAOYSA-N,TH251,P53667,LIMK1,LIMK1,3.733551933
O=C(N(CC1=CC=CC=C1)CCCC)C2=CC=C(S(=O)(NC3=CC=CC=C3)=O)C=C2,VNCIWNGCMAKKEO-UHFFFAOYSA-N,TH257,P53667,LIMK1,LIMK1,3.845237656
O=C(C1=CC=C(C=C1)S(=O)(NC2=CC=CC=C2)=O)N(CC)CC3=CC=CC=C3,HSFGCMJKYHQRQQ-UHFFFAOYSA-N,TH251,P53671,LIMK2,LIMK2,3.601744564
O=C(N(CC1=CC=CC=C1)CCCC)C2=CC=C(S(=O)(NC3=CC=CC=C3)=O)C=C2,VNCIWNGCMAKKEO-UHFFFAOYSA-N,TH257,P53671,LIMK2,LIMK2,3.850526167
O=C(C1=CC=C(C=C1)S(=O)(NC2=CC=CC(Cl)=C2)=O)N(CCC)CC3=CC=CC=C3,VMGWOAVOASXXIH-UHFFFAOYSA-N,TH300,P53671,LIMK2,LIMK2,3.647610991
O[C@H]([C@H](O)[C@@H](CO)O3)[C@@H]3N1C2=C(C(N)=NC=N2)C(I)=C1,WHSIXKUPQCKWBY-IOSLPCCCSA-N,5-iodotubercidin,Q5S007,LRRK2,LRRK2,3.268289818
Fc1ccc(cc1)-c1cc(ccn1)-c1c[nH]nc1-c1ccccn1,HZJPBOLTWHOKEL-UHFFFAOYSA-N,GW680975X,P29376,LTK,LTK,3.787145509
O=C(NCC1=CC=CC=C1)C2=CC=C(S(=O)(NCC3=CC=CC=C3)=O)C=C2,QDGVJMITKNOVTP-UHFFFAOYSA-N,TH263,P29376,LTK,LTK,3.749335511
COc1cc2ncn(-c3cc(OCc4ccccc4C(F)(F)F)c(s3)C(=O)N(C)C)c2cc1OC,CKYDKNBLVBVPCS-UHFFFAOYSA-N,GSK1030062A,P07948,LYN,LYN,2.972751184
O=C(C1=CC=C(C=C1)S(=O)(NC2=CC=CC=C2)=O)N(CC)CC3=CC=CC=C3,HSFGCMJKYHQRQQ-UHFFFAOYSA-N,TH251,P20794,MAK,MAK,3.990800543
Cc1cc(cc(C)c1\C=C\c1cncc(c1)-c1nn[nH]n1)-c1ccccn1,LBJHHPBGZCPQIO-VOTSOKGWSA-N,GW459057A,Q02750,MAP2K1,MEK1,3.841061844
O[C@H]([C@H](O)[C@@H](CO)O3)[C@@H]3N1C2=C(C(N)=NC=N2)C(I)=C1,WHSIXKUPQCKWBY-IOSLPCCCSA-N,5-iodotubercidin,Q02750,MAP2K1,MEK1,3.993317588
O[C@H]([C@H](O)[C@@H](CO)O3)[C@@H]3N1C2=C(C(N)=NC=N2)C(I)=C1,WHSIXKUPQCKWBY-IOSLPCCCSA-N,5-iodotubercidin,P36507,MAP2K2,MEK2,3.958964152
O[C@H]([C@H](O)[C@@H](CO)O3)[C@@H]3N1C2=C(C(N)=NC=N2)C(I)=C1,WHSIXKUPQCKWBY-IOSLPCCCSA-N,5-iodotubercidin,P46734,MAP2K3,MEK3,3.23504339
Fc1c(c(ccc1NS(=O)(=O)CCC)F)-n2nnc(c2)-c3cncc(c3)OC,PBZQXUCHRRZRTF-UHFFFAOYSA-N,BI00865461,Q13163,MAP2K5,MEK5,2.88664393
CNC(=O)c1cncc(\C=C\c2ccccc2Cl)c1,HVTWLTGGYKBXHX-VOTSOKGWSA-N,GW445017X,Q13163,MAP2K5,MEK5,3.473339124
Cc1cc(cc(C)c1\C=C\c1cncc(c1)-c1nn[nH]n1)-c1ccccn1,LBJHHPBGZCPQIO-VOTSOKGWSA-N,GW459057A,Q13163,MAP2K5,MEK5,3.0251175
COc1ccc2ncnc(Nc3ccc(OCc4ccccc4)cc3)c2c1,RARTTYYZTRKYDS-UHFFFAOYSA-N,GI261520A,Q13163,MAP2K5,MEK5,3.399548618
O[C@H]([C@H](O)[C@@H](CO)O3)[C@@H]3N1C2=C(C(N)=NC=N2)C(I)=C1,WHSIXKUPQCKWBY-IOSLPCCCSA-N,5-iodotubercidin,Q13163,MAP2K5,MEK5,3.407258673
FC(F)(F)c1c(ccc(c1)NC(=O)c2cc(c(cc2)C)-c3noc(n3)-c4cnccc4)Cl,LQZIUMJCFXSPTG-UHFFFAOYSA-N,BI00831861,P52564,MAP2K6,MEK6,4.005586012
s1c(nc3c1-c2n(nc(c2C(C3)C)-c4cnc(cc4)NCC)-c5c(cccc5)C)NC(=O)OC,FQXPXUGHKSKDIL-UHFFFAOYSA-N,BI00857480,Q6ZN16,MAP3K15,MAP3K15,4.000387801
Fc1ccc(cc1)-c1c(nc2SCCn12)-c1ccncc1,GLHFDXWSDZWRNN-UHFFFAOYSA-N,SKF-86055,Q56UN5,MAP3K19,YSK4,2.267860396
COc1ccc(cc1C(N)=O)-c1ccncc1,QEYUQXQAUUYZDC-UHFFFAOYSA-N,GSK605714A,Q56UN5,MAP3K19,YSK4,2.09847997
CCn1c(nc2ccc(F)cc12)-c1nonc1N,CFCWMGRWMVZFQN-UHFFFAOYSA-N,GW785404X,Q56UN5,MAP3K19,YSK4,2.265838487
O[C@H]([C@H](O)[C@@H](CO)O3)[C@@H]3N1C2=C(C(N)=NC=N2)C(I)=C1,WHSIXKUPQCKWBY-IOSLPCCCSA-N,5-iodotubercidin,Q56UN5,MAP3K19,YSK4,1.877440198
ClC1=CC=C(F)C(C2=NC(N=CC=N3)=C3C(NC4=CC=NC=C4)=N2)=C1,BERLXWPRSBJFHO-UHFFFAOYSA-N,SD-208,P53779,MAPK10,JNK3,3.520143664
O=C(C(N1C)=CC2=C1C(OC3=CC(C(N4CCN(C)CC4)=O)=NC=C3)=CC=C2)NC5=CC(C(C)(C)C)=CC(NS(=O)(C)=O)=C5OC,MAABOYWIPSQEMY-UHFFFAOYSA-N,BI00601359,Q15759,MAPK11,p38-beta,3.917737974
Fc1ccc(cc1)-c1ncn(CCCN2CCOCC2)c1-c1ccncc1,ANWALZPQHPAZFO-UHFFFAOYSA-N,SB-210313,Q16539,MAPK14,p38-alpha,3.991165919
Cc1ccc(cc1-c1ccc2[nH]ncc2c1)C(=O)NC1CC1,HZKJOEBOIMSMJP-UHFFFAOYSA-N,GW820759X,Q16539,MAPK14,p38-alpha,3.985449059
CN1CCC(CC1)n1cnc(c1-c1ccnc(NCCO)n1)-c1ccc(F)cc1,XKOQKLFWCLUSAU-UHFFFAOYSA-N,SB-226879,Q16539,MAPK14,p38-alpha,3.990987105
COc1ccc(cc1)-c1nn2ncccc2c1-c1ccnc(Nc2cccc(c2)C(F)(F)F)n1,BWBYKJFTJZIURF-UHFFFAOYSA-N,GW827105X,Q16539,MAPK14,p38-alpha,3.91173972
Cc1nnc(o1)-c1ccc(C)c(c1)-c1ccc(cc1)C(=O)NCc1ccc(Cl)cc1,PGONBMCLDBGMIY-UHFFFAOYSA-N,GW708893X,Q16539,MAPK14,p38-alpha,3.972209616
Cc1ccc(cc1-c1ccc(cc1)C(=O)NCC1CC1)C(=O)NC1CCC1,RPNGVORGBYYVHT-UHFFFAOYSA-N,GW782912X,Q16539,MAPK14,p38-alpha,4.003031148
CN1CCC(CC1)n1cnc(c1-c1ccnc(N)n1)-c1ccc(F)cc1,SVRAGOOKTLUHES-UHFFFAOYSA-N,SB-220455,Q16539,MAPK14,p38-alpha,3.987351669
O=S(C2=CC=CC1=CN=CC=C12)(NCCNC/C=C/C3=CC=C(Br)C=C3)=O,ZKZXNDJNWUTGDK-NSCUHMNNSA-N,H89,Q16539,MAPK14,p38-alpha,3.961508973
C[C@H]1COCCN1C2=NC(=NC3=C2C=CC(=N3)C4=CC(=CC=C4)C(=O)NC)N5CCOC[C@@H]5C,JUSFANSTBFGBAF-IRXDYDNUSA-N,AZD2014,Q16539,MAPK14,p38-alpha,3.970166994
O=C(C(N1C)=CC2=C1C(OC3=CC(C(N4CCN(C)CC4)=O)=NC=C3)=CC=C2)NC5=CC(C(C)(C)C)=CC(NS(=O)(C)=O)=C5OC,MAABOYWIPSQEMY-UHFFFAOYSA-N,BI00601359,Q16539,MAPK14,p38-alpha,3.97123657
Cc1ccc2c(c(nn2n1)-c1ccc(cc1)C(F)(F)F)-c1ccnc(Nc2ccc3OCCOc3c2)n1,JLEUOCWABWBHQW-UHFFFAOYSA-N,GW832467X,Q16539,MAPK14,p38-alpha,3.917187615
Nc1nccc(n1)-c1c(nn2cc(ccc12)C(F)(F)F)-c1ccc(F)cc1,JQUJTXXKVLSAEV-UHFFFAOYSA-N,GW568326X,Q16539,MAPK14,p38-alpha,3.940604819
CN1CCC(CC1)n1cnc(c1-c1ccnc(N)n1)-c1ccc(F)cc1,SVRAGOOKTLUHES-UHFFFAOYSA-N,SB-220455,P45984,MAPK9,JNK2,2.633233233
O=C(C(N1C)=CC2=C1C(OC3=CC(C(N4CCN(C)CC4)=O)=NC=C3)=CC=C2)NC5=CC(C(C)(C)C)=CC(NS(=O)(C)=O)=C5OC,MAABOYWIPSQEMY-UHFFFAOYSA-N,BI00601359,P45984,MAPK9,JNK2,2.774327679
S(=O)(=O)(N1CCC(CC1)Oc3c(cc2ncnc(c2c3)N[C@H](C)c4ccccc4)OC)C,HNCQUOKLTSGCPT-MRXNPFEDSA-N,BI00010951,Q9P0L2,MARK1,MARK1,3.837025015
NS(=O)(=O)c1ccc(Nc2cc(n[nH]2)-c2cccc(O)c2)cc1,PVLOKYREDKFWTF-UHFFFAOYSA-N,GW831090X,Q9P0L2,MARK1,MARK1,3.960534139
S(=O)(=O)(N1CCC(CC1)Oc3c(cc2ncnc(c2c3)N[C@H](C)c4ccccc4)OC)C,HNCQUOKLTSGCPT-MRXNPFEDSA-N,BI00010951,Q96L34,MARK4,MARK4,3.912258161
ClC1=CC(NC2=NC=CC(NCCCN3CCOCC3)=N2)=CC=C1,XEEXZIORUKKBII-UHFFFAOYSA-N,DI00625271,P42679,MATK,CTK,3.991912289
COc1ccc(cc1C(N)=O)-c1ccncc1,QEYUQXQAUUYZDC-UHFFFAOYSA-N,GSK605714A,Q14680,MELK,MELK,3.564803018
COC(=O)Nc1nc2ccc(cc2[nH]1)S(=O)(=O)c1ccc(NC(=O)Nc2cc(ccc2F)C(F)(F)F)cc1,RJOBEDHRAOYOQX-UHFFFAOYSA-N,GW680908A,Q14680,MELK,MELK,3.52364113
CS(=O)(=O)Nc1cccc(c1)-c1ccc2c(NC(=O)C3CC3)n[nH]c2c1,FUQAHBLEGDXXKS-UHFFFAOYSA-N,SB-742864,Q14680,MELK,MELK,3.670280388
CNC(=O)c1cncc(\C=C\c2ccccc2Cl)c1,HVTWLTGGYKBXHX-VOTSOKGWSA-N,GW445017X,Q14680,MELK,MELK,3.831662698
S(=O)(=O)(N1CCC(CC1)Oc3c(cc2ncnc(c2c3)N[C@H](C)c4ccccc4)OC)C,HNCQUOKLTSGCPT-MRXNPFEDSA-N,BI00010951,Q12866,MERTK,MERTK,2.73538558
Fc1ccc(cc1)-c1ncn(CCCN2CCOCC2)c1-c1ccncc1,ANWALZPQHPAZFO-UHFFFAOYSA-N,SB-210313,Q8N4C8,MINK1,MINK,3.14334078
NS(=O)(=O)c1cccc(c1)-c1cc2ccncc2cc1OCc1ccccc1,WFQYBHCSVMMJEF-UHFFFAOYSA-N,GSK980961A,Q9HBH9,MKNK2,MKNK2,3.761371074
O=C(C1=CC=C(C=C1)S(=O)(NC2=CC=CC=C2)=O)N(CC)CC3=CC=CC=C3,HSFGCMJKYHQRQQ-UHFFFAOYSA-N,TH251,Q04912,MST1R,MST1R,4.018892629
Clc1c(cccc1)-n2nc(c4c2-c3sc(nc3CC4)NC(=O)NCc5[nH]ccn5)-c6cnccc6,JXKHIJZYDXHNSW-UHFFFAOYSA-N,BI00048423,P42345,MTOR,MTOR,3.998657836
s1c(nc3c1-c2n(nc(c2C(C3)C)-c4cnc(cc4)NCC)-c5c(cccc5)C)NC(=O)OC,FQXPXUGHKSKDIL-UHFFFAOYSA-N,BI00857480,P42345,MTOR,MTOR,3.993869079
C[C@H]1COCCN1C2=NC(=NC3=C2C=CC(=N3)C4=CC(=CC=C4)C(=O)NC)N5CCOC[C@@H]5C,JUSFANSTBFGBAF-IRXDYDNUSA-N,AZD2014,P42345,MTOR,MTOR,3.968280031
CC(N1CCN(C2=NC=NC(CC)=C2C#CC3=CC=C(N)N=C3)CC1)=O,GKROGJIGFRYBLZ-UHFFFAOYSA-N,BI00862142,P42345,MTOR,MTOR,3.991220011
CN1CCC(NC(C2=CC(OC)=C(NC3=NC=C(N(C(C(F)(F)CN4C5CCCC5)=O)C)C4=N3)C=C2F)=O)CC1,GWRSATNRNFYMDI-UHFFFAOYSA-N,TAK960,Q15746,MYLK,MYLK,3.500715723
O=S(NC1=CC(C2=CC=C(C(NC(C3CC3)=O)=NN4)C4=C2)=CC=C1)(N(CC)CC)=O,UCBIQZUJJSVQHL-UHFFFAOYSA-N,UNC-AA-1-0013,Q9H1R3,MYLK2,MYLK2,2.706298037
O=C(C1CC1)NC2=NNC3=C2C=CC(C4=CC=CC(NS(N(C)CC)(=O)=O)=C4)=C3,NKCMEGZSWOVKIL-UHFFFAOYSA-N,UNC-AA-1-0017,Q9H1R3,MYLK2,MYLK2,2.865813358
O=C(C1CC1)NC2=NNC3=C2C=CC(C4=CC=CC(NS(CC(C)C)(=O)=O)=C4)=C3,SENOTLIGBLGKGP-UHFFFAOYSA-N,UNC-AA-1-0022,Q9H1R3,MYLK2,MYLK2,2.809595688
CC(C)OC(N(CC1)CCN1C2=NC3=C(C4=CN=C(C(F)(F)F)C=C4)C=NN3C=C2)=O,NDDGTHBFQLPYJL-UHFFFAOYSA-N,NK-92,Q86YV6,MYLK4,MYLK4,3.973342492
C[C@H]1COCCN1C2=NC(=NC3=C2C=CC(=N3)C4=CC(=CC=C4)C(=O)NC)N5CCOC[C@@H]5C,JUSFANSTBFGBAF-IRXDYDNUSA-N,AZD2014,Q86YV6,MYLK4,MYLK4,3.340889825
Clc1c(cccc1)-n2nc(c4c2-c3sc(nc3CC4)NC(=O)NCc5[nH]ccn5)-c6cnccc6,JXKHIJZYDXHNSW-UHFFFAOYSA-N,BI00048423,Q8NEV4,MYO3A,MYO3A,3.999760879
FC(F)(F)c1c(ccc(c1)NC(=O)c2cc(c(cc2)C)-c3noc(n3)-c4cnccc4)Cl,LQZIUMJCFXSPTG-UHFFFAOYSA-N,BI00831861,Q96PY6,NEK1,NEK1,4.002489342
Clc1c(cc(cc1)C#CC2(CCN(CC2)C)OC)-c3nc-4c(cn3)CCc5nc(sc5-4)NC(=O)C,SKJMTJUJMPIXBJ-UHFFFAOYSA-N,BI00047875,P51955,NEK2,NEK2,3.537634371
Clc1c(cc(cc1)C#CC2(CCN(CC2)C)OC)-c3nc-4c(cn3)CCc5nc(sc5-4)NC(=O)C,SKJMTJUJMPIXBJ-UHFFFAOYSA-N,BI00047875,P51956,NEK3,NEK3,4.004113926
FC(F)(F)c1c(ccc(c1)NC(=O)c2cc(c(cc2)C)-c3noc(n3)-c4cnccc4)Cl,LQZIUMJCFXSPTG-UHFFFAOYSA-N,BI00831861,P51956,NEK3,NEK3,3.984279527
Clc1c(cc(cc1)C#CC2(CCN(CC2)C)OC)-c3nc-4c(cn3)CCc5nc(sc5-4)NC(=O)C,SKJMTJUJMPIXBJ-UHFFFAOYSA-N,BI00047875,Q6P3R8,NEK5,NEK5,4.008748455
CCn1c(nc2ccncc12)-c1nonc1N,XDQUYQKTDSDQRL-UHFFFAOYSA-N,SB-738561,Q6P3R8,NEK5,NEK5,3.987180455
O=C(Nc1n[nH]c2nc(ccc12)-c1ccco1)C1CC1,FJINJXZTEKDFRA-UHFFFAOYSA-N,SB-743899,Q8TDX7,NEK7,NEK7,3.98876412
O=C(Nc1n[nH]c2nc(ccc12)-c1ccco1)C1CC1,FJINJXZTEKDFRA-UHFFFAOYSA-N,SB-743899,Q8TD19,NEK9,NEK9,4.012037708
CN1CCC(CC1)n1cnc(c1-c1ccnc(NCCO)n1)-c1ccc(F)cc1,XKOQKLFWCLUSAU-UHFFFAOYSA-N,SB-226879,Q9UBE8,NLK,NLK,4.014902218
COc1ccc(cc1)-c1nn2ncccc2c1-c1ccnc(Nc2cccc(c2)C(F)(F)F)n1,BWBYKJFTJZIURF-UHFFFAOYSA-N,GW827105X,Q9UBE8,NLK,NLK,3.785598396
CN1CCC(CC1)n1cnc(c1-c1ccnc(N)n1)-c1ccc(F)cc1,SVRAGOOKTLUHES-UHFFFAOYSA-N,SB-220455,Q9UBE8,NLK,NLK,4.013828857
O[C@H]([C@H](O)[C@@H](CO)O3)[C@@H]3N1C2=C(C(N)=NC=N2)C(I)=C1,WHSIXKUPQCKWBY-IOSLPCCCSA-N,5-iodotubercidin,Q16620,NTRK2,TRKB,3.816612689
O=S(C2=CC=CC1=CN=CC=C12)(NCCNC/C=C/C3=CC=C(Br)C=C3)=O,ZKZXNDJNWUTGDK-NSCUHMNNSA-N,H89,Q9H093,NUAK2,SNARK,3.293076737
O[C@H]([C@H](O)[C@@H](CO)O3)[C@@H]3N1C2=C(C(N)=NC=N2)C(I)=C1,WHSIXKUPQCKWBY-IOSLPCCCSA-N,5-iodotubercidin,O95747,OXSR1,OSR1,3.997317804
Fc1ccc(cc1)-c1cc(ccn1)-c1c[nH]nc1-c1ccccn1,HZJPBOLTWHOKEL-UHFFFAOYSA-N,GW680975X,O75914,PAK3,PAK3,3.982968612
O=C(NCC1=CC=CC=C1)C2=CC=C(S(=O)(NCC3=CC=CC=C3)=O)C=C2,QDGVJMITKNOVTP-UHFFFAOYSA-N,TH263,O75914,PAK3,PAK3,3.993149204
s1c(nc3c1-c2n(nc(c2CC3)-c4cnccc4)-c5ccc(cc5)C6(CC6)N(C)C)NC(=O)OC,GGDDUQGGATVHON-UHFFFAOYSA-N,BI00822448,Q9NQU5,PAK6,PAK6,3.996122135
CC(C)c1ccc2\C(=N/Nc3ccc(cc3)S(N)(=O)=O)C(=O)Nc2c1,KBESLZOGXNTNCJ-UHFFFAOYSA-N,GW300653X,P16234,PDGFRA,PDGFRA,3.879041149
N(c1ncc(o1)-c1ccccc1)c1ccccc1,HFICAVMUTYFODG-UHFFFAOYSA-N,GW549390X,P16234,PDGFRA,PDGFRA,3.711932859
NS(=O)(=O)c1ccc(Nc2cc(n[nH]2)-c2cccc(O)c2)cc1,PVLOKYREDKFWTF-UHFFFAOYSA-N,GW831090X,P16234,PDGFRA,PDGFRA,3.88249485
N#Cc1cccc(Nc2ncc(o2)-c2ccccc2)c1,VZMXZHOJAGFSNF-UHFFFAOYSA-N,GW627834A,P16234,PDGFRA,PDGFRA,3.915704293
Clc1c(cccc1)-n2nc(c4c2-c3sc(nc3CC4)NC(=O)NCc5[nH]ccn5)-c6cnccc6,JXKHIJZYDXHNSW-UHFFFAOYSA-N,BI00048423,P09619,PDGFRB,PDGFRB,3.493917002
FC(F)(F)c1c(ccc(c1)NC(=O)c2cc(c(cc2)C)-c3noc(n3)-c4cnccc4)Cl,LQZIUMJCFXSPTG-UHFFFAOYSA-N,BI00831861,P09619,PDGFRB,PDGFRB,3.409437014
N(c1ncc(o1)-c1ccccc1)c1ccccc1,HFICAVMUTYFODG-UHFFFAOYSA-N,GW549390X,P09619,PDGFRB,PDGFRB,3.635993356
COc1ccc(cc1)-c1coc2ncnc(N)c12,QGHMHWPBFHABJY-UHFFFAOYSA-N,GW642125X,P09619,PDGFRB,PDGFRB,3.762303306
NS(=O)(=O)c1ccc(Nc2cc(n[nH]2)-c2cccc(O)c2)cc1,PVLOKYREDKFWTF-UHFFFAOYSA-N,GW831090X,P09619,PDGFRB,PDGFRB,3.772314055
N#Cc1cccc(Nc2ncc(o2)-c2ccccc2)c1,VZMXZHOJAGFSNF-UHFFFAOYSA-N,GW627834A,P09619,PDGFRB,PDGFRB,3.838790683
N(c1ncc(o1)-c1ccccc1)c1ccc(Oc2ccccc2)cc1,MKASXHWBPFPYNF-UHFFFAOYSA-N,GW641155A,P09619,PDGFRB,PDGFRB,3.75153674
CC(C)c1ccc2\C(=N/Nc3ccc(cc3)S(N)(=O)=O)C(=O)Nc2c1,KBESLZOGXNTNCJ-UHFFFAOYSA-N,GW300653X,P15735,PHKG2,PHKG2,3.734208508
O=C(C1CC1)NC2=NNC3=C2C=CC(C4=CC=CC(NS(N(C)CC)(=O)=O)=C4)=C3,NKCMEGZSWOVKIL-UHFFFAOYSA-N,UNC-AA-1-0017,P15735,PHKG2,PHKG2,3.908048613
Clc1c(cccc1)-n2nc(c4c2-c3sc(nc3CC4)NC(=O)NCc5[nH]ccn5)-c6cnccc6,JXKHIJZYDXHNSW-UHFFFAOYSA-N,BI00048423,Q9UBF8,PI4KB,PIK4CB,3.858771635
s1c(nc3c1-c2n(nc(c2CC3)-c4cnccc4)-c5ccc(cc5)C6(CC6)N(C)C)NC(=O)OC,GGDDUQGGATVHON-UHFFFAOYSA-N,BI00822448,Q9UBF8,PI4KB,PIK4CB,3.776320277
s1c(nc3c1-c2n(nc(c2C(C3)C)-c4cnc(cc4)NCC)-c5c(cccc5)C)NC(=O)OC,FQXPXUGHKSKDIL-UHFFFAOYSA-N,BI00857480,Q9UBF8,PI4KB,PIK4CB,3.533635324
CC(C)OC(N(CC1)CCN1C2=NC3=C(C4=CN=C(C(F)(F)F)C=C4)C=NN3C=C2)=O,NDDGTHBFQLPYJL-UHFFFAOYSA-N,NK-92,Q9UBF8,PI4KB,PIK4CB,3.786060436
Clc1c(cc(cc1)C#CC2(CCN(CC2)C)OC)-c3nc-4c(cn3)CCc5nc(sc5-4)NC(=O)C,SKJMTJUJMPIXBJ-UHFFFAOYSA-N,BI00047875,O00750,PIK3C2B,PIK3C2B,4.002033187
Clc1c(cccc1)-n2nc(c4c2-c3sc(nc3CC4)NC(=O)NCc5[nH]ccn5)-c6cnccc6,JXKHIJZYDXHNSW-UHFFFAOYSA-N,BI00048423,O00750,PIK3C2B,PIK3C2B,3.995534046
s1c(nc3c1-c2n(nc(c2CC3)-c4cnccc4)-c5ccc(cc5)C6(CC6)N(C)C)NC(=O)OC,GGDDUQGGATVHON-UHFFFAOYSA-N,BI00822448,O00750,PIK3C2B,PIK3C2B,4.003858669
NS(=O)(=O)c1cccc(c1)-c1cc2ccncc2cc1OCc1ccccc1,WFQYBHCSVMMJEF-UHFFFAOYSA-N,GSK980961A,O00750,PIK3C2B,PIK3C2B,4.005132033
Clc1c(cc(cc1)C#CC2(CCN(CC2)C)OC)-c3nc-4c(cn3)CCc5nc(sc5-4)NC(=O)C,SKJMTJUJMPIXBJ-UHFFFAOYSA-N,BI00047875,O75747,PIK3C2G,PIK3C2G,4.008081747
Clc1c(cccc1)-n2nc(c4c2-c3sc(nc3CC4)NC(=O)NCc5[nH]ccn5)-c6cnccc6,JXKHIJZYDXHNSW-UHFFFAOYSA-N,BI00048423,O75747,PIK3C2G,PIK3C2G,4.009588553
s1c(nc3c1-c2n(nc(c2CC3)-c4cnccc4)-c5ccc(cc5)C6(CC6)N(C)C)NC(=O)OC,GGDDUQGGATVHON-UHFFFAOYSA-N,BI00822448,O75747,PIK3C2G,PIK3C2G,4.018385304
s1c(nc3c1-c2n(nc(c2C(C3)C)-c4cnc(cc4)NCC)-c5c(cccc5)C)NC(=O)OC,FQXPXUGHKSKDIL-UHFFFAOYSA-N,BI00857480,O75747,PIK3C2G,PIK3C2G,3.992216928
CC(N1CCN(C2=NC=NC(CC)=C2C#CC3=CC=C(N)N=C3)CC1)=O,GKROGJIGFRYBLZ-UHFFFAOYSA-N,BI00862142,O75747,PIK3C2G,PIK3C2G,3.984717263
O=C(N(C)C)/C(C#N)=C/C(O1)=CC=C1C2=NC3=CN=C(NC=C4)C4=C3N2C5CCCCC5,GJMZWYLOARVASY-NTCAYCPXSA-N,FM-381,O75747,PIK3C2G,PIK3C2G,3.861597134
Clc1c(cccc1)-n2nc(c4c2-c3sc(nc3CC4)NC(=O)NCc5[nH]ccn5)-c6cnccc6,JXKHIJZYDXHNSW-UHFFFAOYSA-N,BI00048423,Q8NEB9,PIK3C3,VPS34,2.871930702
CC(N1CCN(C2=NC=NC(CC)=C2C#CC3=CC=C(N)N=C3)CC1)=O,GKROGJIGFRYBLZ-UHFFFAOYSA-N,BI00862142,Q8NEB9,PIK3C3,VPS34,2.792847438
Clc1c(cc(cc1)C#CC2(CCN(CC2)C)OC)-c3nc-4c(cn3)CCc5nc(sc5-4)NC(=O)C,SKJMTJUJMPIXBJ-UHFFFAOYSA-N,BI00047875,P42336,PIK3CA,PIK3CA,3.989742441
Clc1c(cccc1)-n2nc(c4c2-c3sc(nc3CC4)NC(=O)NCc5[nH]ccn5)-c6cnccc6,JXKHIJZYDXHNSW-UHFFFAOYSA-N,BI00048423,P42336,PIK3CA,PIK3CA,3.995395376
s1c(nc3c1-c2n(nc(c2CC3)-c4cnccc4)-c5ccc(cc5)C6(CC6)N(C)C)NC(=O)OC,GGDDUQGGATVHON-UHFFFAOYSA-N,BI00822448,P42336,PIK3CA,PIK3CA,4.006581707
s1c(nc3c1-c2n(nc(c2C(C3)C)-c4cnc(cc4)NCC)-c5c(cccc5)C)NC(=O)OC,FQXPXUGHKSKDIL-UHFFFAOYSA-N,BI00857480,P42336,PIK3CA,PIK3CA,3.986488147
NS(=O)(=O)c1cccc(c1)-c1cc2ccncc2cc1OCc1ccccc1,WFQYBHCSVMMJEF-UHFFFAOYSA-N,GSK980961A,P42336,PIK3CA,PIK3CA,3.992563946
C[C@H]1COCCN1C2=NC(=NC3=C2C=CC(=N3)C4=CC(=CC=C4)C(=O)NC)N5CCOC[C@@H]5C,JUSFANSTBFGBAF-IRXDYDNUSA-N,AZD2014,P42336,PIK3CA,PIK3CA,3.750213845
CC(N1CCN(C2=NC=NC(CC)=C2C#CC3=CC=C(N)N=C3)CC1)=O,GKROGJIGFRYBLZ-UHFFFAOYSA-N,BI00862142,P42336,PIK3CA,PIK3CA,3.969427629
Clc1c(cc(cc1)C#CC2(CCN(CC2)C)OC)-c3nc-4c(cn3)CCc5nc(sc5-4)NC(=O)C,SKJMTJUJMPIXBJ-UHFFFAOYSA-N,BI00047875,P42338,PIK3CB,PIK3CB,4.002654566
Clc1c(cccc1)-n2nc(c4c2-c3sc(nc3CC4)NC(=O)NCc5[nH]ccn5)-c6cnccc6,JXKHIJZYDXHNSW-UHFFFAOYSA-N,BI00048423,P42338,PIK3CB,PIK3CB,4.003018005
s1c(nc3c1-c2n(nc(c2CC3)-c4cnccc4)-c5ccc(cc5)C6(CC6)N(C)C)NC(=O)OC,GGDDUQGGATVHON-UHFFFAOYSA-N,BI00822448,P42338,PIK3CB,PIK3CB,4.012577666
CC(N1CCN(C2=NC=NC(CC)=C2C#CC3=CC=C(N)N=C3)CC1)=O,GKROGJIGFRYBLZ-UHFFFAOYSA-N,BI00862142,P42338,PIK3CB,PIK3CB,3.992628558
Clc1c(cc(cc1)C#CC2(CCN(CC2)C)OC)-c3nc-4c(cn3)CCc5nc(sc5-4)NC(=O)C,SKJMTJUJMPIXBJ-UHFFFAOYSA-N,BI00047875,O00329,PIK3CD,PIK3CD,3.979602916
s1c(nc3c1-c2n(nc(c2CC3)-c4cnccc4)-c5ccc(cc5)C6(CC6)N(C)C)NC(=O)OC,GGDDUQGGATVHON-UHFFFAOYSA-N,BI00822448,O00329,PIK3CD,PIK3CD,4.001115544
COc1ccc(cc1)-c1nn2ncccc2c1-c1ccnc(Nc2cccc(c2)C(F)(F)F)n1,BWBYKJFTJZIURF-UHFFFAOYSA-N,GW827105X,O00329,PIK3CD,PIK3CD,4.001111819
CNC(=O)c1cncc(\C=C\c2ccccc2Cl)c1,HVTWLTGGYKBXHX-VOTSOKGWSA-N,GW445017X,O00329,PIK3CD,PIK3CD,3.985011382
CC(N1CCN(C2=NC=NC(CC)=C2C#CC3=CC=C(N)N=C3)CC1)=O,GKROGJIGFRYBLZ-UHFFFAOYSA-N,BI00862142,O00329,PIK3CD,PIK3CD,3.973425014
Clc1c(cc(cc1)C#CC2(CCN(CC2)C)OC)-c3nc-4c(cn3)CCc5nc(sc5-4)NC(=O)C,SKJMTJUJMPIXBJ-UHFFFAOYSA-N,BI00047875,P48736,PIK3CG,PIK3CG,4.019450559
Clc1c(cccc1)-n2nc(c4c2-c3sc(nc3CC4)NC(=O)NCc5[nH]ccn5)-c6cnccc6,JXKHIJZYDXHNSW-UHFFFAOYSA-N,BI00048423,P48736,PIK3CG,PIK3CG,4.005571736
s1c(nc3c1-c2n(nc(c2CC3)-c4cnccc4)-c5ccc(cc5)C6(CC6)N(C)C)NC(=O)OC,GGDDUQGGATVHON-UHFFFAOYSA-N,BI00822448,P48736,PIK3CG,PIK3CG,4.012027217
s1c(nc3c1-c2n(nc(c2C(C3)C)-c4cnc(cc4)NCC)-c5c(cccc5)C)NC(=O)OC,FQXPXUGHKSKDIL-UHFFFAOYSA-N,BI00857480,P48736,PIK3CG,PIK3CG,3.999488188
NS(=O)(=O)c1cccc(c1)-c1cc2ccncc2cc1OCc1ccccc1,WFQYBHCSVMMJEF-UHFFFAOYSA-N,GSK980961A,P48736,PIK3CG,PIK3CG,4.005621238
CC(N1CCN(C2=NC=NC(CC)=C2C#CC3=CC=C(N)N=C3)CC1)=O,GKROGJIGFRYBLZ-UHFFFAOYSA-N,BI00862142,P48736,PIK3CG,PIK3CG,3.999197377
s1c(nc3c1-c2n(nc(c2CC3)-c4cnccc4)-c5ccc(cc5)C6(CC6)N(C)C)NC(=O)OC,GGDDUQGGATVHON-UHFFFAOYSA-N,BI00822448,Q9Y2I7,PIKFYVE,PIKFYVE,2.513769252
s1c(nc3c1-c2n(nc(c2C(C3)C)-c4cnc(cc4)NCC)-c5c(cccc5)C)NC(=O)OC,FQXPXUGHKSKDIL-UHFFFAOYSA-N,BI00857480,Q9Y2I7,PIKFYVE,PIKFYVE,2.483989937
s1c(nc3c1-c2n(nc(c2CC3)-c4cnccc4)-c5ccc(cc5)C6(CC6)N(C)C)NC(=O)OC,GGDDUQGGATVHON-UHFFFAOYSA-N,BI00822448,P11309,PIM1,PIM1,4.0194187
CN1CCC(CNC(C=C2)=NN3C2=NC=C3C4=CC=CC(OC(F)(F)F)=C4)CC1,MHXGEROHKGDZGO-UHFFFAOYSA-N,SGI-1776,Q9P1W9,PIM2,PIM2,3.991732402
CN1CCC(CNC(C=C2)=NN3C2=NC=C3C4=CC=CC(OC(F)(F)F)=C4)CC1,MHXGEROHKGDZGO-UHFFFAOYSA-N,SGI-1776,Q86V86,PIM3,PIM3,3.985103263
O=C(NC=C1)C2=C1C(C(C(C)C)=NO3)=C3C4=C2C=C(C)C=C4,RHCWRLPKOJKBJP-UHFFFAOYSA-N,MO 286/LN 989,P78356,PIP4K2B,PIP5K2B,3.999479545
Clc1c(cccc1)-n2nc(c4c2-c3sc(nc3CC4)NC(=O)NCc5[nH]ccn5)-c6cnccc6,JXKHIJZYDXHNSW-UHFFFAOYSA-N,BI00048423,Q8TBX8,PIP4K2C,PIP5K2C,3.91110198
s1c(nc3c1-c2n(nc(c2CC3)-c4cnccc4)-c5ccc(cc5)C6(CC6)N(C)C)NC(=O)OC,GGDDUQGGATVHON-UHFFFAOYSA-N,BI00822448,Q8TBX8,PIP4K2C,PIP5K2C,3.925047202
CN1CCC(CC1)n1cnc(c1-c1ccnc(NCCO)n1)-c1ccc(F)cc1,XKOQKLFWCLUSAU-UHFFFAOYSA-N,SB-226879,Q8TBX8,PIP4K2C,PIP5K2C,3.905445082
CN1CCC(CC1)n1cnc(c1-c1ccnc(N)n1)-c1ccc(F)cc1,SVRAGOOKTLUHES-UHFFFAOYSA-N,SB-220455,Q8TBX8,PIP4K2C,PIP5K2C,3.889777703
CN1CCC(NC(C2=CC(OC)=C(NC3=NC=C(N(C(C(F)(F)CN4C5CCCC5)=O)C)C4=N3)C=C2F)=O)CC1,GWRSATNRNFYMDI-UHFFFAOYSA-N,TAK960,Q8TBX8,PIP4K2C,PIP5K2C,3.723855747
CS(=O)(=O)Nc1cccc(c1)-c1ccc2c(NC(=O)C3CC3)n[nH]c2c1,FUQAHBLEGDXXKS-UHFFFAOYSA-N,SB-742864,Q99755,PIP5K1A,PIP5K1A,3.45755416
Clc1c(cccc1)-n2nc(c4c2-c3sc(nc3CC4)NC(=O)NCc5[nH]ccn5)-c6cnccc6,JXKHIJZYDXHNSW-UHFFFAOYSA-N,BI00048423,O60331,PIP5K1C,PIP5K1C,3.901135309
NS(=O)(=O)c1cccc(c1)-c1ccc2c(NC(=O)C3CC3)n[nH]c2c1,AXXSVTAXFAAJTE-UHFFFAOYSA-N,SB-741905,O60331,PIP5K1C,PIP5K1C,3.885830118
CS(=O)(=O)Nc1cccc(c1)-c1ccc2c(NC(=O)C3CC3)n[nH]c2c1,FUQAHBLEGDXXKS-UHFFFAOYSA-N,SB-742864,O60331,PIP5K1C,PIP5K1C,3.858783407
NS(=O)(=O)c1ccc(Nc2cc(n[nH]2)-c2cccc(O)c2)cc1,PVLOKYREDKFWTF-UHFFFAOYSA-N,GW831090X,O60331,PIP5K1C,PIP5K1C,3.891389175
N#Cc1cccc(Nc2ncc(o2)-c2ccccc2)c1,VZMXZHOJAGFSNF-UHFFFAOYSA-N,GW627834A,O60331,PIP5K1C,PIP5K1C,3.865948094
O=C(OC)C1=CC=C(C2=C(C(N)=C(C(N)=O)S3)C3=NC(N4CCC(N)CC4)=C2)C=C1,LBVMBECAHIBYAO-UHFFFAOYSA-N,BI00604549,O60331,PIP5K1C,PIP5K1C,3.93278469
O=S(NC1=CC(C2=CC=C(C(NC(C3CC3)=O)=NN4)C4=C2)=CC=C1)(N(CC)CC)=O,UCBIQZUJJSVQHL-UHFFFAOYSA-N,UNC-AA-1-0013,O60331,PIP5K1C,PIP5K1C,3.816462456
O=C(C1CC1)NC2=NNC3=C2C=CC(C4=CC=CC(NS(N(C)CC)(=O)=O)=C4)=C3,NKCMEGZSWOVKIL-UHFFFAOYSA-N,UNC-AA-1-0017,O60331,PIP5K1C,PIP5K1C,3.927272035
O=C(C1CC1)NC2=NNC3=C2C=CC(C4=CC=CC(NS(CC(C)C)(=O)=O)=C4)=C3,SENOTLIGBLGKGP-UHFFFAOYSA-N,UNC-AA-1-0022,O60331,PIP5K1C,PIP5K1C,3.93371786
O=S(C2=CC=CC1=CN=CC=C12)(NCCNC/C=C/C3=CC=C(Br)C=C3)=O,ZKZXNDJNWUTGDK-NSCUHMNNSA-N,H89,Q16512,PKN1,PKN1,3.911132766
Fc1ccc(cc1)-c1c(nc2SCCn12)-c1ccncc1,GLHFDXWSDZWRNN-UHFFFAOYSA-N,SKF-86055,P53350,PLK1,PLK1,4.021955027
NC(=O)c1sc(cc1OCc1ccccc1Br)-n1cnc2ccccc12,BWZJWBWWGBNPLH-UHFFFAOYSA-N,GSK1023156A,P53350,PLK1,PLK1,3.996129645
COc1cc2ncn(-c3cc(OCc4ccccc4C(F)(F)F)c(s3)C(C)=O)c2cc1OC,JFNQBWFEGWHHDQ-UHFFFAOYSA-N,GSK1030059A,P53350,PLK1,PLK1,3.991574003
CN1CCC(NC(C2=CC(OC)=C(NC3=NC=C(N(C(C(F)(F)CN4C5CCCC5)=O)C)C4=N3)C=C2F)=O)CC1,GWRSATNRNFYMDI-UHFFFAOYSA-N,TAK960,P53350,PLK1,PLK1,3.475926249
NC(=O)c1sc(cc1OCc1ccccc1Br)-n1cnc2ccccc12,BWZJWBWWGBNPLH-UHFFFAOYSA-N,GSK1023156A,Q9NYY3,PLK2,PLK2,3.979642047
COc1cc2ncn(-c3cc(OCc4ccccc4C(F)(F)F)c(s3)C(C)=O)c2cc1OC,JFNQBWFEGWHHDQ-UHFFFAOYSA-N,GSK1030059A,Q9NYY3,PLK2,PLK2,3.978498025
CN1CCC(NC(C2=CC(OC)=C(NC3=NC=C(N(C(C(F)(F)CN4C5CCCC5)=O)C)C4=N3)C=C2F)=O)CC1,GWRSATNRNFYMDI-UHFFFAOYSA-N,TAK960,Q9NYY3,PLK2,PLK2,3.849349005
NC(=O)c1sc(cc1OCc1ccccc1Br)-n1cnc2ccccc12,BWZJWBWWGBNPLH-UHFFFAOYSA-N,GSK1023156A,Q9H4B4,PLK3,PLK3,3.991079463
CN1CCC(NC(C2=CC(OC)=C(NC3=NC=C(N(C(C(F)(F)CN4C5CCCC5)=O)C)C4=N3)C=C2F)=O)CC1,GWRSATNRNFYMDI-UHFFFAOYSA-N,TAK960,Q9H4B4,PLK3,PLK3,3.988649322
Fc1c(c(ccc1NS(=O)(=O)CCC)F)-n2nnc(c2)-c3cncc(c3)OC,PBZQXUCHRRZRTF-UHFFFAOYSA-N,BI00865461,Q13131,PRKAA1,AMPK-alpha1,3.559415261
O=S(C2=CC=CC1=CN=CC=C12)(NCCNC/C=C/C3=CC=C(Br)C=C3)=O,ZKZXNDJNWUTGDK-NSCUHMNNSA-N,H89,P22694,PRKACB,PKAC-beta,4.008262499
O=S(C2=CC=CC1=CN=CC=C12)(NCCNC/C=C/C3=CC=C(Br)C=C3)=O,ZKZXNDJNWUTGDK-NSCUHMNNSA-N,H89,Q05655,PRKCD,PRKCD,4.006699575
O=S(C2=CC=CC1=CN=CC=C12)(NCCNC/C=C/C3=CC=C(Br)C=C3)=O,ZKZXNDJNWUTGDK-NSCUHMNNSA-N,H89,P24723,PRKCH,PRKCH,4.016261054
O=S(NC1=CC(C2=CC=C(C(NC(C3CC3)=O)=NN4)C4=C2)=CC=C1)(N(CC)CC)=O,UCBIQZUJJSVQHL-UHFFFAOYSA-N,UNC-AA-1-0013,P24723,PRKCH,PRKCH,4.015414698
O=S(C2=CC=CC1=CN=CC=C12)(NCCNC/C=C/C3=CC=C(Br)C=C3)=O,ZKZXNDJNWUTGDK-NSCUHMNNSA-N,H89,Q13976,PRKG1,PRKG1,4.004173352
O=S(C2=CC=CC1=CN=CC=C12)(NCCNC/C=C/C3=CC=C(Br)C=C3)=O,ZKZXNDJNWUTGDK-NSCUHMNNSA-N,H89,P51817,PRKX,PRKX,3.990248038
CC(C)OC(N(CC1)CCN1C2=NC3=C(C4=CN=C(C(F)(F)F)C=C4)C=NN3C=C2)=O,NDDGTHBFQLPYJL-UHFFFAOYSA-N,NK-92,Q13523,PRPF4B,PRP4,3.997353418
CN1CCC(NC(C2=CC(OC)=C(NC3=NC=C(N(C(C(F)(F)CN4C5CCCC5)=O)C)C4=N3)C=C2F)=O)CC1,GWRSATNRNFYMDI-UHFFFAOYSA-N,TAK960,Q05397,PTK2,FAK,3.951444162
S(=O)(=O)(N1CCC(CC1)Oc3c(cc2ncnc(c2c3)N[C@H](C)c4ccccc4)OC)C,HNCQUOKLTSGCPT-MRXNPFEDSA-N,BI00010951,Q14289,PTK2B,PYK2,2.737105949
Fc1c(c(ccc1NS(=O)(=O)CCC)F)-n2nnc(c2)-c3cncc(c3)OC,PBZQXUCHRRZRTF-UHFFFAOYSA-N,BI00865461,Q13882,PTK6,BRK,3.971365107
COc1ccc2ncnc(Nc3ccc(OCc4ccccc4)cc3)c2c1,RARTTYYZTRKYDS-UHFFFAOYSA-N,GI261520A,Q13882,PTK6,BRK,3.991786761
Fc1c(c(ccc1NS(=O)(=O)CCC)F)-n2nnc(c2)-c3cncc(c3)OC,PBZQXUCHRRZRTF-UHFFFAOYSA-N,BI00865461,P04049,RAF1,RAF1,3.976422085
C[C@H]1COCCN1C2=NC(=NC3=C2C=CC(=N3)C4=CC(=CC=C4)C(=O)NC)N5CCOC[C@@H]5C,JUSFANSTBFGBAF-IRXDYDNUSA-N,AZD2014,P04049,RAF1,RAF1,3.965356065
Clc1c(cc(cc1)C#CC2(CCN(CC2)C)OC)-c3nc-4c(cn3)CCc5nc(sc5-4)NC(=O)C,SKJMTJUJMPIXBJ-UHFFFAOYSA-N,BI00047875,Q9BRS2,RIOK1,RIOK1,2.964252217
CS(=O)(=O)Nc1cccc(c1)-c1ccc2c(NC(=O)C3CC3)n[nH]c2c1,FUQAHBLEGDXXKS-UHFFFAOYSA-N,SB-742864,Q9BRS2,RIOK1,RIOK1,2.95680706
CC(C)OC(N(CC1)CCN1C2=NC3=C(C4=CN=C(C(F)(F)F)C=C4)C=NN3C=C2)=O,NDDGTHBFQLPYJL-UHFFFAOYSA-N,NK-92,Q9BRS2,RIOK1,RIOK1,3.999610616
O=S(NC1=CC(C2=CC=C(C(NC(C3CC3)=O)=NN4)C4=C2)=CC=C1)(N(CC)CC)=O,UCBIQZUJJSVQHL-UHFFFAOYSA-N,UNC-AA-1-0013,Q9BRS2,RIOK1,RIOK1,2.800336821
O=C(C1CC1)NC2=NNC3=C2C=CC(C4=CC=CC(NS(N(C)CC)(=O)=O)=C4)=C3,NKCMEGZSWOVKIL-UHFFFAOYSA-N,UNC-AA-1-0017,Q9BRS2,RIOK1,RIOK1,3.436772404
O=C(NC=C1)C2=C1C(C(C(C)C)=NO3)=C3C4=C2C=C(C)C=C4,RHCWRLPKOJKBJP-UHFFFAOYSA-N,MO 286/LN 989,Q9BRS2,RIOK1,RIOK1,3.946364476
s1c(nc3c1-c2n(nc(c2C(C3)C)-c4cnc(cc4)NCC)-c5c(cccc5)C)NC(=O)OC,FQXPXUGHKSKDIL-UHFFFAOYSA-N,BI00857480,Q9BVS4,RIOK2,RIOK2,2.921236618
NC(=O)c1sc(cc1OCc1ccccc1Br)-n1cnc2ccccc12,BWZJWBWWGBNPLH-UHFFFAOYSA-N,GSK1023156A,Q9BVS4,RIOK2,RIOK2,3.360958128
Clc1ccc(CNc2nccc(n2)-c2cnn3ncccc23)cc1,NEWXQDRWGLAOAY-UHFFFAOYSA-N,GW781673X,Q9BVS4,RIOK2,RIOK2,3.325392945
CC(N1CCN(C2=NC=NC(CC)=C2C#CC3=CC=C(N)N=C3)CC1)=O,GKROGJIGFRYBLZ-UHFFFAOYSA-N,BI00862142,Q9BVS4,RIOK2,RIOK2,3.278202189
CS(=O)(=O)Nc1cccc(c1)-c1ccc2c(NC(=O)C3CC3)n[nH]c2c1,FUQAHBLEGDXXKS-UHFFFAOYSA-N,SB-742864,O14730,RIOK3,RIOK3,3.440193666
CC(C)OC(N(CC1)CCN1C2=NC3=C(C4=CN=C(C(F)(F)F)C=C4)C=NN3C=C2)=O,NDDGTHBFQLPYJL-UHFFFAOYSA-N,NK-92,O14730,RIOK3,RIOK3,3.969957395
ClC1=CC(NC2=NC=CC(NCCCN3CCOCC3)=N2)=CC=C1,XEEXZIORUKKBII-UHFFFAOYSA-N,DI00625271,O14730,RIOK3,RIOK3,3.715943588
O=S(NC1=CC(C2=CC=C(C(NC(C3CC3)=O)=NN4)C4=C2)=CC=C1)(N(CC)CC)=O,UCBIQZUJJSVQHL-UHFFFAOYSA-N,UNC-AA-1-0013,O14730,RIOK3,RIOK3,3.239603771
O=C(C1CC1)NC2=NNC3=C2C=CC(C4=CC=CC(NS(N(C)CC)(=O)=O)=C4)=C3,NKCMEGZSWOVKIL-UHFFFAOYSA-N,UNC-AA-1-0017,O14730,RIOK3,RIOK3,3.82234676
O=C(NC=C1)C2=C1C(C(C(C)C)=NO3)=C3C4=C2C=C(C)C=C4,RHCWRLPKOJKBJP-UHFFFAOYSA-N,MO 286/LN 989,O14730,RIOK3,RIOK3,3.964150889
s1c(nc3c1-c2n(nc(c2C(C3)C)-c4cnc(cc4)NCC)-c5c(cccc5)C)NC(=O)OC,FQXPXUGHKSKDIL-UHFFFAOYSA-N,BI00857480,O43353,RIPK2,RIPK2,3.216792269
O=S(NC1=CC(C2=CC=C(C(NC(C3CC3)=O)=NN4)C4=C2)=CC=C1)(N(CC)CC)=O,UCBIQZUJJSVQHL-UHFFFAOYSA-N,UNC-AA-1-0013,O43353,RIPK2,RIPK2,3.770947648
Clc1c(cccc1)-n2nc(c4c2-c3sc(nc3CC4)NC(=O)NCc5[nH]ccn5)-c6cnccc6,JXKHIJZYDXHNSW-UHFFFAOYSA-N,BI00048423,P57078,RIPK4,RIPK4,2.655646308
O=C(NCC1CC1)c1ccc(cc1)-c1cccc(c1)C(=O)NC1CC1,GTPHSWNKNONVOX-UHFFFAOYSA-N,GW806776X,Q13464,ROCK1,ROCK1,3.993489249
CN(C)CCCn1c(nc2cnccc12)-c1nonc1N,KFWBJWDHALYVMK-UHFFFAOYSA-N,SB-751399,Q13464,ROCK1,ROCK1,3.987003757
O=S(C2=CC=CC1=CN=CC=C12)(NCCNC/C=C/C3=CC=C(Br)C=C3)=O,ZKZXNDJNWUTGDK-NSCUHMNNSA-N,H89,Q13464,ROCK1,ROCK1,3.989188953
O=C(NCC1CC1)c1ccc(cc1)-c1cccc(c1)C(=O)NC1CC1,GTPHSWNKNONVOX-UHFFFAOYSA-N,GW806776X,O75116,ROCK2,ROCK2,3.976917191
CN(C)CCCn1c(nc2cnccc12)-c1nonc1N,KFWBJWDHALYVMK-UHFFFAOYSA-N,SB-751399,O75116,ROCK2,ROCK2,3.972474052
Clc1c(cc(cc1)C#CC2(CCN(CC2)C)OC)-c3nc-4c(cn3)CCc5nc(sc5-4)NC(=O)C,SKJMTJUJMPIXBJ-UHFFFAOYSA-N,BI00047875,Q15418,RPS6KA1,RSK1(Kin.Dom.1-N-terminal),3.918357922
C[C@H]1COCCN1C2=NC(=NC3=C2C=CC(=N3)C4=CC(=CC=C4)C(=O)NC)N5CCOC[C@@H]5C,JUSFANSTBFGBAF-IRXDYDNUSA-N,AZD2014,Q15418,RPS6KA1,RSK1(Kin.Dom.1-N-terminal),3.428726344
O=S(NC1=CC(C2=CC=C(C(NC(C3CC3)=O)=NN4)C4=C2)=CC=C1)(N(CC)CC)=O,UCBIQZUJJSVQHL-UHFFFAOYSA-N,UNC-AA-1-0013,O75582,RPS6KA5,RPS6KA5(Kin.Dom.1-N-terminal),3.983962788
s1c(nc3c1-c2n(nc(c2CC3)-c4cnccc4)-c5ccc(cc5)C6(CC6)N(C)C)NC(=O)OC,GGDDUQGGATVHON-UHFFFAOYSA-N,BI00822448,Q9UK32,RPS6KA6,RSK4(Kin.Dom.2-C-terminal),3.686380355
NC(=O)c1sc(cc1OCc1ccccc1Br)-n1cnc2ccccc12,BWZJWBWWGBNPLH-UHFFFAOYSA-N,GSK1023156A,Q9UK32,RPS6KA6,RSK4(Kin.Dom.2-C-terminal),3.985983743
CN1CCC(CC1)n1cnc(c1-c1ccnc(N)n1)-c1ccc(F)cc1,SVRAGOOKTLUHES-UHFFFAOYSA-N,SB-220455,Q9UK32,RPS6KA6,RSK4(Kin.Dom.2-C-terminal),3.571101645
Nc1nccc(n1)-c1c(nn2cc(ccc12)C(F)(F)F)-c1ccc(F)cc1,JQUJTXXKVLSAEV-UHFFFAOYSA-N,GW568326X,Q9UK32,RPS6KA6,RSK4(Kin.Dom.2-C-terminal),3.986634476
ClC1=CC=C(F)C(C2=NC(N=CC=N3)=C3C(NC4=CC=NC=C4)=N2)=C1,BERLXWPRSBJFHO-UHFFFAOYSA-N,SD-208,Q9UK32,RPS6KA6,RSK4(Kin.Dom.2-C-terminal),3.973723842
COc1cc2ncn(-c3cc(OCc4ccccc4C(F)(F)F)c(s3)C(=O)N(C)C)c2cc1OC,CKYDKNBLVBVPCS-UHFFFAOYSA-N,GSK1030062A,P0C264,SGK110,SgK110,3.984278811
CC(C)OC(N(CC1)CCN1C2=NC3=C(C4=CN=C(C(F)(F)F)C=C4)C=NN3C=C2)=O,NDDGTHBFQLPYJL-UHFFFAOYSA-N,NK-92,Q96BR1,SGK3,SGK3,4.003669305
O=S(C2=CC=CC1=CN=CC=C12)(NCCNC/C=C/C3=CC=C(Br)C=C3)=O,ZKZXNDJNWUTGDK-NSCUHMNNSA-N,H89,Q96BR1,SGK3,SGK3,3.980983926
O=C(N(CC1=CC=CC=C1)CCCC)C2=CC=C(S(=O)(NC3=CC=CC=C3)=O)C=C2,VNCIWNGCMAKKEO-UHFFFAOYSA-N,TH257,Q9H2G2,SLK,SLK,2.7975329
Fc1cccc(COc2ccc(Nc3ncnc4sc(cc34)-c3cccs3)cc2Cl)c1,PBIJKZCHYCDPPC-UHFFFAOYSA-N,GW684626B,Q9NRH2,SNRK,SNRK,4.011968507
Fc1c(c(ccc1NS(=O)(=O)CCC)F)-n2nnc(c2)-c3cncc(c3)OC,PBZQXUCHRRZRTF-UHFFFAOYSA-N,BI00865461,Q9H3Y6,SRMS,SRMS,3.974704785
CC(C)OC(N(CC1)CCN1C2=NC3=C(C4=CN=C(C(F)(F)F)C=C4)C=NN3C=C2)=O,NDDGTHBFQLPYJL-UHFFFAOYSA-N,NK-92,Q96SB4,SRPK1,SRPK1,3.986199213
CC(C)OC(N(CC1)CCN1C2=NC3=C(C4=CN=C(C(F)(F)F)C=C4)C=NN3C=C2)=O,NDDGTHBFQLPYJL-UHFFFAOYSA-N,NK-92,P78362,SRPK2,SRPK2,3.986052616
COc1ccc(cc1C(N)=O)-c1ccncc1,QEYUQXQAUUYZDC-UHFFFAOYSA-N,GSK605714A,Q9UPE1,SRPK3,SRPK3,3.673039673
COc1cc2ncn(-c3cc(OCc4ccccc4C(F)(F)F)c(s3)C(=O)N(C)C)c2cc1OC,CKYDKNBLVBVPCS-UHFFFAOYSA-N,GSK1030062A,Q9UPE1,SRPK3,SRPK3,3.762880428
O=S(NC1=CC(C2=CC=C(C(NC(C3CC3)=O)=NN4)C4=C2)=CC=C1)(N(CC)CC)=O,UCBIQZUJJSVQHL-UHFFFAOYSA-N,UNC-AA-1-0013,Q9UPE1,SRPK3,SRPK3,3.393710179
O=C(C1CC1)NC2=NNC3=C2C=CC(C4=CC=CC(NS(N(C)CC)(=O)=O)=C4)=C3,NKCMEGZSWOVKIL-UHFFFAOYSA-N,UNC-AA-1-0017,Q9UPE1,SRPK3,SRPK3,3.725787236
O=C(C1CC1)NC2=NNC3=C2C=CC(C4=CC=CC(NS(CC(C)C)(=O)=O)=C4)=C3,SENOTLIGBLGKGP-UHFFFAOYSA-N,UNC-AA-1-0022,Q9UPE1,SRPK3,SRPK3,3.709480537
Fc1c(c(ccc1NS(=O)(=O)CCC)F)-n2nnc(c2)-c3cncc(c3)OC,PBZQXUCHRRZRTF-UHFFFAOYSA-N,BI00865461,O94804,STK10,LOK,3.098037644
NC(=O)c1sc(cc1OCc1ccccc1Br)-n1cnc2ccccc12,BWZJWBWWGBNPLH-UHFFFAOYSA-N,GSK1023156A,O94804,STK10,LOK,2.913872285
COC(=O)Nc1nc2ccc(cc2[nH]1)S(=O)(=O)c1ccc(NC(=O)Nc2cc(ccc2F)C(F)(F)F)cc1,RJOBEDHRAOYOQX-UHFFFAOYSA-N,GW680908A,O94804,STK10,LOK,1.535855992
ClC1=CC=C(F)C(C2=NC(N=CC=N3)=C3C(NC4=CC=NC=C4)=N2)=C1,BERLXWPRSBJFHO-UHFFFAOYSA-N,SD-208,O94804,STK10,LOK,3.634583211
Clc1c(cccc1)-n2nc(c4c2-c3sc(nc3CC4)NC(=O)NCc5[nH]ccn5)-c6cnccc6,JXKHIJZYDXHNSW-UHFFFAOYSA-N,BI00048423,O75716,STK16,STK16,3.285541428
CNC(=O)c1cncc(\C=C\c2ccccc2Cl)c1,HVTWLTGGYKBXHX-VOTSOKGWSA-N,GW445017X,Q13188,STK3,MST2,3.787129803
N(c1ncc(o1)-c1ccccc1)c1ccc(Oc2ccccc2)cc1,MKASXHWBPFPYNF-UHFFFAOYSA-N,GW641155A,Q13188,STK3,MST2,3.774805216
Fc1cccc(COc2ccc(Nc3ncnc4sc(cc34)-c3cccs3)cc2Cl)c1,PBIJKZCHYCDPPC-UHFFFAOYSA-N,GW684626B,Q8WU08,STK32A,YANK1,3.980670018
COc1ccc2ncnc(Nc3ccc(OCc4ccccc4)cc3)c2c1,RARTTYYZTRKYDS-UHFFFAOYSA-N,GI261520A,Q86UX6,STK32C,YANK3,3.990104838
O=C(NCC1=CC=CC=C1)C2=CC=C(S(=O)(NCC3=CC=CC=C3)=O)C=C2,QDGVJMITKNOVTP-UHFFFAOYSA-N,TH263,Q86UX6,STK32C,YANK3,3.991136862
COC(=O)Nc1nc2ccc(cc2[nH]1)S(=O)(=O)c1ccc(NC(=O)Nc2cc(ccc2F)C(F)(F)F)cc1,RJOBEDHRAOYOQX-UHFFFAOYSA-N,GW680908A,Q9BYT3,STK33,STK33,2.756021543
CN1CCC(NC(C2=CC(OC)=C(NC3=NC=C(N(C(C(F)(F)CN4C5CCCC5)=O)C)C4=N3)C=C2F)=O)CC1,GWRSATNRNFYMDI-UHFFFAOYSA-N,TAK960,Q9BYT3,STK33,STK33,3.080437465
COc1ccc(cc1)-c1nn2ncccc2c1-c1ccnc(Nc2cccc(c2)C(F)(F)F)n1,BWBYKJFTJZIURF-UHFFFAOYSA-N,GW827105X,Q9NRP7,STK36,STK36,3.928821815
Fc1ccc(cc1)-c1ncn(CCCN2CCOCC2)c1-c1ccncc1,ANWALZPQHPAZFO-UHFFFAOYSA-N,SB-210313,Q15208,STK38,NDR1,4.00611688
O[C@H]([C@H](O)[C@@H](CO)O3)[C@@H]3N1C2=C(C(N)=NC=N2)C(I)=C1,WHSIXKUPQCKWBY-IOSLPCCCSA-N,5-iodotubercidin,Q15208,STK38,NDR1,3.988564564
O[C@H]([C@H](O)[C@@H](CO)O3)[C@@H]3N1C2=C(C(N)=NC=N2)C(I)=C1,WHSIXKUPQCKWBY-IOSLPCCCSA-N,5-iodotubercidin,Q9Y2H1,STK38L,NDR2,4.009001536
Fc1ccc(cc1)-c1cc(ccn1)-c1c[nH]nc1-c1ccccn1,HZJPBOLTWHOKEL-UHFFFAOYSA-N,GW680975X,Q13043,STK4,MST1,3.907415105
O=C(NCC1=CC=CC=C1)C2=CC=C(S(=O)(NCC3=CC=CC=C3)=O)C=C2,QDGVJMITKNOVTP-UHFFFAOYSA-N,TH263,Q13043,STK4,MST1,3.93783368
O=C(N(CC1=CC=CC=C1)CCCC)C2=CC=C(S(=O)(NC3=CC=CC=C3)=O)C=C2,VNCIWNGCMAKKEO-UHFFFAOYSA-N,TH257,P43405,SYK,SYK,3.998396231
NS(=O)(=O)c1cccc(c1)-c1ccc2c(NC(=O)C3CC3)n[nH]c2c1,AXXSVTAXFAAJTE-UHFFFAOYSA-N,SB-741905,Q7L7X3,TAOK1,TAOK1,3.308824612
C[C@H]1COCCN1C2=NC(=NC3=C2C=CC(=N3)C4=CC(=CC=C4)C(=O)NC)N5CCOC[C@@H]5C,JUSFANSTBFGBAF-IRXDYDNUSA-N,AZD2014,P36897,TGFBR1,TGFBR1,3.336055322
ClC1=CC=C(F)C(C2=NC(N=CC=N3)=C3C(NC4=CC=NC=C4)=N2)=C1,BERLXWPRSBJFHO-UHFFFAOYSA-N,SD-208,P36897,TGFBR1,TGFBR1,4.011734797
Clc1c(cccc1)-n2nc(c4c2-c3sc(nc3CC4)NC(=O)NCc5[nH]ccn5)-c6cnccc6,JXKHIJZYDXHNSW-UHFFFAOYSA-N,BI00048423,P37173,TGFBR2,TGFBR2,3.946436448
Clc1ccc(CNc2nccc(n2)-c2cnn3ncccc23)cc1,NEWXQDRWGLAOAY-UHFFFAOYSA-N,GW781673X,P37173,TGFBR2,TGFBR2,3.97521366
s1c(nc3c1-c2n(nc(c2C(C3)C)-c4cnc(cc4)NCC)-c5c(cccc5)C)NC(=O)OC,FQXPXUGHKSKDIL-UHFFFAOYSA-N,BI00857480,Q59H18,TNNI3K,TNNI3K,3.71124821
O=S(NC1=CC(C2=CC=C(C(NC(C3CC3)=O)=NN4)C4=C2)=CC=C1)(N(CC)CC)=O,UCBIQZUJJSVQHL-UHFFFAOYSA-N,UNC-AA-1-0013,Q59H18,TNNI3K,TNNI3K,3.859756245
COc1c(cc(cc1-c1ccc(cc1)S(N)(=O)=O)-c1ccc(Cl)cc1)C(N)=O,PGMGCWOOCLJXIF-UHFFFAOYSA-N,GSK711701A,Q9BXA7,TSSK1B,TSSK1B,4.000786199
NC(=O)c1cc(cc(c1N)-c1ccncc1)-c1ccc(F)cc1,INRJBVLMKPWSHK-UHFFFAOYSA-N,GSK620503A,Q9BXA7,TSSK1B,TSSK1B,4.000164343
Cc1cc(cc(C)c1\C=C\c1cncc(c1)-c1nn[nH]n1)-c1ccccn1,LBJHHPBGZCPQIO-VOTSOKGWSA-N,GW459057A,Q9BXA7,TSSK1B,TSSK1B,4.004887892
O=C(NCC1=CC=CC=C1)C2=CC=C(S(=O)(NCC3=CC=CC=C3)=O)C=C2,QDGVJMITKNOVTP-UHFFFAOYSA-N,TH263,Q9BXA7,TSSK1B,TSSK1B,3.988280488
s1c(nc3c1-c2n(nc(c2C(C3)C)-c4cnc(cc4)NCC)-c5c(cccc5)C)NC(=O)OC,FQXPXUGHKSKDIL-UHFFFAOYSA-N,BI00857480,Q96PN8,TSSK3,TSSK3,3.538815813
CN1CCC(NC(C2=CC(OC)=C(NC3=NC=C(N(C(C(F)(F)CN4C5CCCC5)=O)C)C4=N3)C=C2F)=O)CC1,GWRSATNRNFYMDI-UHFFFAOYSA-N,TAK960,P33981,TTK,TTK,3.303828044
Clc1c(cc(cc1)C#CC2(CCN(CC2)C)OC)-c3nc-4c(cn3)CCc5nc(sc5-4)NC(=O)C,SKJMTJUJMPIXBJ-UHFFFAOYSA-N,BI00047875,P29597,TYK2,TYK2(JH2domain-pseudokinase),2.428187711
NS(=O)(=O)c1cccc(c1)-c1ccc2c(NC(=O)C3CC3)n[nH]c2c1,AXXSVTAXFAAJTE-UHFFFAOYSA-N,SB-741905,Q06418,TYRO3,TYRO3,3.99310462
COc1c(cc(cc1-c1ccc(cc1)S(N)(=O)=O)-c1ccc(Cl)cc1)C(N)=O,PGMGCWOOCLJXIF-UHFFFAOYSA-N,GSK711701A,Q86Y07,VRK2,VRK2,3.95989929
S(=O)(=O)(N1CCC(CC1)Oc3c(cc2ncnc(c2c3)N[C@H](C)c4ccccc4)OC)C,HNCQUOKLTSGCPT-MRXNPFEDSA-N,BI00010951,P0C1S8,WEE2,WEE2,3.9825121
Fc1c(c(ccc1NS(=O)(=O)CCC)F)-n2nnc(c2)-c3cncc(c3)OC,PBZQXUCHRRZRTF-UHFFFAOYSA-N,BI00865461,Q9NYL2,ZAK,ZAK,4.006946249
